ru.dksu.semantic.TestStructure,4194304,1,33:33:,138.90717
ru.dksu.semantic.TestStructureRW,4194304,1,33:33:,137.33238
ru.dksu.semantic.TestStructureRWSL,4194304,1,33:33:,144.52998
ru.dksu.semantic.TestStructure,4194304,2,33:33:,163.66728
ru.dksu.semantic.TestStructureRW,4194304,2,33:33:,77.36511
ru.dksu.semantic.TestStructureRWSL,4194304,2,33:33:,147.25117
ru.dksu.semantic.TestStructure,4194304,4,33:33:,135.13001
ru.dksu.semantic.TestStructureRW,4194304,4,33:33:,66.37988
ru.dksu.semantic.TestStructureRWSL,4194304,4,33:33:,130.15680
ru.dksu.semantic.TestStructure,4194304,8,33:33:,123.57282
ru.dksu.semantic.TestStructureRW,4194304,8,33:33:,67.85156
ru.dksu.semantic.TestStructureRWSL,4194304,8,33:33:,121.32114
ru.dksu.semantic.TestStructure,4194304,16,33:33:,127.85900
ru.dksu.semantic.TestStructureRW,4194304,16,33:33:,68.27842
ru.dksu.semantic.TestStructureRWSL,4194304,16,33:33:,108.83883
ru.dksu.semantic.TestStructure,4194304,32,33:33:,113.50022
ru.dksu.semantic.TestStructureRW,4194304,32,33:33:,65.59474
ru.dksu.semantic.TestStructureRWSL,4194304,32,33:33:,103.45385
ru.dksu.semantic.TestStructure,4194304,48,33:33:,106.00145
ru.dksu.semantic.TestStructureRW,4194304,48,33:33:,64.52021
ru.dksu.semantic.TestStructureRWSL,4194304,48,33:33:,96.52087
ru.dksu.semantic.TestStructure,4194304,63,33:33:,96.39313
ru.dksu.semantic.TestStructureRW,4194304,63,33:33:,64.55780
ru.dksu.semantic.TestStructureRWSL,4194304,63,33:33:,93.39800
ru.dksu.semantic.TestStructure,4194304,1,0:0:,437.56426
ru.dksu.semantic.TestStructureRW,4194304,1,0:0:,431.30196
ru.dksu.semantic.TestStructureRWSL,4194304,1,0:0:,440.80104
ru.dksu.semantic.TestStructure,4194304,2,0:0:,826.87082
ru.dksu.semantic.TestStructureRW,4194304,2,0:0:,825.61312
ru.dksu.semantic.TestStructureRWSL,4194304,2,0:0:,829.88158
ru.dksu.semantic.TestStructure,4194304,4,0:0:,1185.48889
ru.dksu.semantic.TestStructureRW,4194304,4,0:0:,1215.68400
ru.dksu.semantic.TestStructureRWSL,4194304,4,0:0:,1154.15333
ru.dksu.semantic.TestStructure,4194304,8,0:0:,1951.35947
ru.dksu.semantic.TestStructureRW,4194304,8,0:0:,2131.82162
ru.dksu.semantic.TestStructureRWSL,4194304,8,0:0:,1943.79088
ru.dksu.semantic.TestStructure,4194304,16,0:0:,2372.88948
ru.dksu.semantic.TestStructureRW,4194304,16,0:0:,2688.87621
ru.dksu.semantic.TestStructureRWSL,4194304,16,0:0:,2337.74261
ru.dksu.semantic.TestStructure,4194304,32,0:0:,4255.90897
ru.dksu.semantic.TestStructureRW,4194304,32,0:0:,4616.91953
ru.dksu.semantic.TestStructureRWSL,4194304,32,0:0:,4730.82930
ru.dksu.semantic.TestStructure,4194304,48,0:0:,5180.70179
ru.dksu.semantic.TestStructureRW,4194304,48,0:0:,5608.08435
ru.dksu.semantic.TestStructureRWSL,4194304,48,0:0:,4965.80478
ru.dksu.semantic.TestStructure,4194304,63,0:0:,5670.44366
ru.dksu.semantic.TestStructureRW,4194304,63,0:0:,4721.98175
ru.dksu.semantic.TestStructureRWSL,4194304,63,0:0:,6025.67969
ru.dksu.semantic.TestStructure,4194304,1,100:0:,108.24793
ru.dksu.semantic.TestStructureRW,4194304,1,100:0:,114.49862
ru.dksu.semantic.TestStructureRWSL,4194304,1,100:0:,119.93023
ru.dksu.semantic.TestStructure,4194304,2,100:0:,218.93241
ru.dksu.semantic.TestStructureRW,4194304,2,100:0:,111.71944
ru.dksu.semantic.TestStructureRWSL,4194304,2,100:0:,112.67455
ru.dksu.semantic.TestStructure,4194304,4,100:0:,344.98545
ru.dksu.semantic.TestStructureRW,4194304,4,100:0:,109.35663
ru.dksu.semantic.TestStructureRWSL,4194304,4,100:0:,88.90594
ru.dksu.semantic.TestStructure,4194304,8,100:0:,678.49175
ru.dksu.semantic.TestStructureRW,4194304,8,100:0:,105.96217
ru.dksu.semantic.TestStructureRWSL,4194304,8,100:0:,90.75795
ru.dksu.semantic.TestStructure,4194304,16,100:0:,1117.59506
ru.dksu.semantic.TestStructureRW,4194304,16,100:0:,105.74905
ru.dksu.semantic.TestStructureRWSL,4194304,16,100:0:,86.16623
ru.dksu.semantic.TestStructure,4194304,32,100:0:,1827.39710
ru.dksu.semantic.TestStructureRW,4194304,32,100:0:,105.55985
ru.dksu.semantic.TestStructureRWSL,4194304,32,100:0:,78.11246
ru.dksu.semantic.TestStructure,4194304,48,100:0:,2487.58865
ru.dksu.semantic.TestStructureRW,4194304,48,100:0:,102.21641
ru.dksu.semantic.TestStructureRWSL,4194304,48,100:0:,86.65143
ru.dksu.semantic.TestStructure,4194304,63,100:0:,2858.15856
ru.dksu.semantic.TestStructureRW,4194304,63,100:0:,95.79357
ru.dksu.semantic.TestStructureRWSL,4194304,63,100:0:,76.78889
ru.dksu.semantic.ARATestStructure,4194304,1,33:33:,59.94771
ru.dksu.semantic.ARATestStructureRW,4194304,1,33:33:,57.33163
ru.dksu.semantic.ARATestStructure,4194304,2,33:33:,62.51547
ru.dksu.semantic.ARATestStructureRW,4194304,2,33:33:,40.13465
ru.dksu.semantic.ARATestStructure,4194304,4,33:33:,52.31140
ru.dksu.semantic.ARATestStructureRW,4194304,4,33:33:,30.43773
ru.dksu.semantic.ARATestStructure,4194304,8,33:33:,46.25192
ru.dksu.semantic.ARATestStructureRW,4194304,8,33:33:,32.50784
ru.dksu.semantic.ARATestStructure,4194304,16,33:33:,39.81505
ru.dksu.semantic.ARATestStructureRW,4194304,16,33:33:,32.35238
ru.dksu.semantic.ARATestStructure,4194304,32,33:33:,43.65449
ru.dksu.semantic.ARATestStructureRW,4194304,32,33:33:,31.60909
ru.dksu.semantic.ARATestStructure,4194304,48,33:33:,36.62721
ru.dksu.semantic.ARATestStructureRW,4194304,48,33:33:,29.80610
ru.dksu.semantic.ARATestStructure,4194304,63,33:33:,40.20499
ru.dksu.semantic.ARATestStructureRW,4194304,63,33:33:,30.29946
ru.dksu.semantic.TestStructure,67108864,1,0:0:,27.95776
ru.dksu.semantic.TestStructureRW,67108864,1,0:0:,27.11118
ru.dksu.semantic.TestStructure,67108864,1,0:0:,96799.86001
ru.dksu.semantic.TestStructureRW,67108864,1,0:0:,89766.48390
ru.dksu.semantic.TestStructure,67108864,2,0:0:,183558.35577
ru.dksu.semantic.TestStructureRW,67108864,2,0:0:,172446.49535
ru.dksu.semantic.TestStructure,67108864,4,0:0:,236966.23690
ru.dksu.semantic.TestStructureRW,67108864,4,0:0:,258087.20766
ru.dksu.semantic.TestStructure,67108864,8,0:0:,355057.50749
ru.dksu.semantic.TestStructureRW,67108864,8,0:0:,397300.05800
ru.dksu.semantic.TestStructure,67108864,16,0:0:,313999.04043
ru.dksu.semantic.TestStructureRW,67108864,16,0:0:,495886.73712
ru.dksu.semantic.TestStructure,67108864,32,0:0:,93243.92377
ru.dksu.semantic.TestStructureRW,67108864,32,0:0:,584173.22752
ru.dksu.semantic.TestStructure,67108864,48,0:0:,82325.98180
ru.dksu.semantic.TestStructureRW,67108864,48,0:0:,473098.84565
ru.dksu.semantic.TestStructure,67108864,63,0:0:,67106.71219
ru.dksu.semantic.TestStructureRW,67108864,63,0:0:,403365.08867
ru.dksu.semantic.TestStructureSimple,67108864,1,0:0:,104769.02310
ru.dksu.semantic.TestStructureSimple,67108864,2,0:0:,48764.70741
ru.dksu.semantic.TestStructureSimple,67108864,4,0:0:,38962.80939
ru.dksu.semantic.TestStructureSimple,67108864,8,0:0:,37694.48811
ru.dksu.semantic.TestStructureSimple,67108864,16,0:0:,34065.12448
ru.dksu.semantic.TestStructureSimple,67108864,32,0:0:,37346.19258
ru.dksu.semantic.TestStructureSimple,67108864,48,0:0:,36906.53350
ru.dksu.semantic.TestStructure,67108864,1,100:0:,32053.04711
ru.dksu.semantic.TestStructure,67108864,1,100:0:,30232.64022
ru.dksu.semantic.TestStructureRW,67108864,1,100:0:,31075.52759
ru.dksu.semantic.TestStructureRW,67108864,1,100:0:,30473.58263
ru.dksu.semantic.TestStructureSimple,67108864,1,100:0:,30151.28047
ru.dksu.semantic.TestStructureSimple,67108864,1,100:0:,29438.34831
ru.dksu.semantic.TestStructure,67108864,2,100:0:,58995.26047
ru.dksu.semantic.TestStructure,67108864,2,100:0:,59388.02120
ru.dksu.semantic.TestStructureRW,67108864,2,100:0:,8923.40079
ru.dksu.semantic.TestStructureSimple,67108864,2,100:0:,8350.96664
ru.dksu.semantic.TestStructure,67108864,4,100:0:,116309.27887
ru.dksu.semantic.TestStructureRW,67108864,4,100:0:,8709.97200
ru.dksu.semantic.TestStructureSimple,67108864,4,100:0:,8326.36721
