hashtables.lockbased.IntegerCollaborativeQueueHashMap,1000000,1,0,0,0,13384.45316
hashtables.lockbased.IntegerQueueHashMap,1000000,1,0,0,0,12847.19206
hashtables.lockbased.IntegerNonCollaborativeQueueHashMap,1000000,1,0,0,0,12793.61530
hashtables.lockbased.IntegerCollaborativeQueueHashMap,1000000,1,0,20,0,9538.76741
hashtables.lockbased.IntegerQueueHashMap,1000000,1,0,20,0,9850.85043
hashtables.lockbased.IntegerNonCollaborativeQueueHashMap,1000000,1,0,20,0,9459.81936
hashtables.lockbased.IntegerCollaborativeQueueHashMap,1000000,1,0,50,0,7780.62686
hashtables.lockbased.IntegerQueueHashMap,1000000,1,0,50,0,7941.71015
hashtables.lockbased.IntegerNonCollaborativeQueueHashMap,1000000,1,0,50,0,7742.10741
hashtables.lockbased.IntegerCollaborativeQueueHashMap,1000000,1,0,100,0,7209.11267
hashtables.lockbased.IntegerQueueHashMap,1000000,1,0,100,0,7232.65453
hashtables.lockbased.IntegerNonCollaborativeQueueHashMap,1000000,1,0,100,0,7223.39820
hashtables.lockbased.IntegerCollaborativeQueueHashMap,1000000,2,0,0,0,26993.37613
hashtables.lockbased.IntegerQueueHashMap,1000000,2,0,0,0,26505.52795
hashtables.lockbased.IntegerNonCollaborativeQueueHashMap,1000000,2,0,0,0,25496.65087
hashtables.lockbased.IntegerCollaborativeQueueHashMap,1000000,2,0,20,0,16756.18624
hashtables.lockbased.IntegerQueueHashMap,1000000,2,0,20,0,16932.55704
hashtables.lockbased.IntegerNonCollaborativeQueueHashMap,1000000,2,0,20,0,17642.13544
hashtables.lockbased.IntegerCollaborativeQueueHashMap,1000000,2,0,50,0,13098.95091
hashtables.lockbased.IntegerQueueHashMap,1000000,2,0,50,0,12829.13847
hashtables.lockbased.IntegerNonCollaborativeQueueHashMap,1000000,2,0,50,0,12121.76100
hashtables.lockbased.IntegerCollaborativeQueueHashMap,1000000,2,0,100,0,9476.26998
hashtables.lockbased.IntegerQueueHashMap,1000000,2,0,100,0,9343.88489
hashtables.lockbased.IntegerNonCollaborativeQueueHashMap,1000000,2,0,100,0,9496.85649
hashtables.lockbased.IntegerCollaborativeQueueHashMap,1000000,4,0,0,0,51848.59979
hashtables.lockbased.IntegerQueueHashMap,1000000,4,0,0,0,50470.31707
hashtables.lockbased.IntegerNonCollaborativeQueueHashMap,1000000,4,0,0,0,54557.59645
hashtables.lockbased.IntegerCollaborativeQueueHashMap,1000000,4,0,20,0,21077.24293
hashtables.lockbased.IntegerQueueHashMap,1000000,4,0,20,0,21346.17573
hashtables.lockbased.IntegerNonCollaborativeQueueHashMap,1000000,4,0,20,0,22143.76536
hashtables.lockbased.IntegerCollaborativeQueueHashMap,1000000,4,0,50,0,9786.72652
hashtables.lockbased.IntegerQueueHashMap,1000000,4,0,50,0,9890.80169
hashtables.lockbased.IntegerNonCollaborativeQueueHashMap,1000000,4,0,50,0,9069.54302
hashtables.lockbased.IntegerCollaborativeQueueHashMap,1000000,4,0,100,0,5563.12603
hashtables.lockbased.IntegerQueueHashMap,1000000,4,0,100,0,5283.25925
hashtables.lockbased.IntegerNonCollaborativeQueueHashMap,1000000,4,0,100,0,5500.98627
hashtables.lockbased.IntegerCollaborativeQueueHashMap,1000000,8,0,0,0,120718.82996
hashtables.lockbased.IntegerQueueHashMap,1000000,8,0,0,0,121120.73937
hashtables.lockbased.IntegerNonCollaborativeQueueHashMap,1000000,8,0,0,0,111512.73240
hashtables.lockbased.IntegerCollaborativeQueueHashMap,1000000,8,0,20,0,25945.84620
hashtables.lockbased.IntegerQueueHashMap,1000000,8,0,20,0,29363.75167
hashtables.lockbased.IntegerNonCollaborativeQueueHashMap,1000000,8,0,20,0,26076.60118
hashtables.lockbased.IntegerCollaborativeQueueHashMap,1000000,8,0,50,0,10267.23282
hashtables.lockbased.IntegerQueueHashMap,1000000,8,0,50,0,15458.65297
hashtables.lockbased.IntegerNonCollaborativeQueueHashMap,1000000,8,0,50,0,11198.90363
hashtables.lockbased.IntegerCollaborativeQueueHashMap,1000000,8,0,100,0,6034.98663
hashtables.lockbased.IntegerQueueHashMap,1000000,8,0,100,0,6086.56983
hashtables.lockbased.IntegerNonCollaborativeQueueHashMap,1000000,8,0,100,0,6504.28771
hashtables.lockbased.IntegerCollaborativeQueueHashMap,1000000,15,0,0,0,224876.39438
hashtables.lockbased.IntegerQueueHashMap,1000000,15,0,0,0,222049.11002
hashtables.lockbased.IntegerNonCollaborativeQueueHashMap,1000000,15,0,0,0,219896.10305
hashtables.lockbased.IntegerCollaborativeQueueHashMap,1000000,15,0,20,0,27771.96749
hashtables.lockbased.IntegerQueueHashMap,1000000,15,0,20,0,30981.33597
hashtables.lockbased.IntegerNonCollaborativeQueueHashMap,1000000,15,0,20,0,32821.84097
hashtables.lockbased.IntegerCollaborativeQueueHashMap,1000000,15,0,50,0,13723.07478
hashtables.lockbased.IntegerQueueHashMap,1000000,15,0,50,0,13411.62787
hashtables.lockbased.IntegerNonCollaborativeQueueHashMap,1000000,15,0,50,0,13862.97717
hashtables.lockbased.IntegerCollaborativeQueueHashMap,1000000,15,0,100,0,6166.09872
hashtables.lockbased.IntegerQueueHashMap,1000000,15,0,100,0,7670.48167
hashtables.lockbased.IntegerNonCollaborativeQueueHashMap,1000000,15,0,100,0,7518.53174
hashtables.lockbased.IntegerCollaborativeQueueHashMap,1000000,31,0,0,0,448681.69210
hashtables.lockbased.IntegerQueueHashMap,1000000,31,0,0,0,442840.77763
hashtables.lockbased.IntegerNonCollaborativeQueueHashMap,1000000,31,0,0,0,448451.82268
hashtables.lockbased.IntegerCollaborativeQueueHashMap,1000000,31,0,20,0,30345.63550
hashtables.lockbased.IntegerQueueHashMap,1000000,31,0,20,0,47123.58483
hashtables.lockbased.IntegerNonCollaborativeQueueHashMap,1000000,31,0,20,0,52042.93264
hashtables.lockbased.IntegerCollaborativeQueueHashMap,1000000,31,0,50,0,15456.31046
hashtables.lockbased.IntegerQueueHashMap,1000000,31,0,50,0,14694.31271
hashtables.lockbased.IntegerNonCollaborativeQueueHashMap,1000000,31,0,50,0,12603.69687
hashtables.lockbased.IntegerCollaborativeQueueHashMap,1000000,31,0,100,0,7628.31173
hashtables.lockbased.IntegerQueueHashMap,1000000,31,0,100,0,7369.02891
hashtables.lockbased.IntegerNonCollaborativeQueueHashMap,1000000,31,0,100,0,8402.25740
hashtables.lockbased.IntegerCollaborativeQueueHashMap,1000000,47,0,0,0,644475.92311
hashtables.lockbased.IntegerQueueHashMap,1000000,47,0,0,0,577722.08407
hashtables.lockbased.IntegerNonCollaborativeQueueHashMap,1000000,47,0,0,0,648882.35060
hashtables.lockbased.IntegerCollaborativeQueueHashMap,1000000,47,0,20,0,50773.49796
hashtables.lockbased.IntegerQueueHashMap,1000000,47,0,20,0,36227.23526
hashtables.lockbased.IntegerNonCollaborativeQueueHashMap,1000000,47,0,20,0,36321.18988
hashtables.lockbased.IntegerCollaborativeQueueHashMap,1000000,47,0,50,0,15058.56024
hashtables.lockbased.IntegerQueueHashMap,1000000,47,0,50,0,21305.61760
hashtables.lockbased.IntegerNonCollaborativeQueueHashMap,1000000,47,0,50,0,11534.06710
hashtables.lockbased.IntegerCollaborativeQueueHashMap,1000000,47,0,100,0,7503.60780
hashtables.lockbased.IntegerQueueHashMap,1000000,47,0,100,0,8982.38613
hashtables.lockbased.IntegerNonCollaborativeQueueHashMap,1000000,47,0,100,0,7244.86566
hashtables.lockbased.IntegerCollaborativeQueueHashMap,1000000,63,0,0,0,831872.48637
hashtables.lockbased.IntegerQueueHashMap,1000000,63,0,0,0,820073.32408
hashtables.lockbased.IntegerNonCollaborativeQueueHashMap,1000000,63,0,0,0,835900.54204
hashtables.lockbased.IntegerCollaborativeQueueHashMap,1000000,63,0,20,0,32364.29794
hashtables.lockbased.IntegerQueueHashMap,1000000,63,0,20,0,43995.08993
hashtables.lockbased.IntegerNonCollaborativeQueueHashMap,1000000,63,0,20,0,32869.51037
hashtables.lockbased.IntegerCollaborativeQueueHashMap,1000000,63,0,50,0,14160.10808
hashtables.lockbased.IntegerQueueHashMap,1000000,63,0,50,0,13524.38730
hashtables.lockbased.IntegerNonCollaborativeQueueHashMap,1000000,63,0,50,0,18003.36285
hashtables.lockbased.IntegerCollaborativeQueueHashMap,1000000,63,0,100,0,6658.08099
hashtables.lockbased.IntegerQueueHashMap,1000000,63,0,100,0,9104.99535
hashtables.lockbased.IntegerNonCollaborativeQueueHashMap,1000000,63,0,100,0,6994.23607
hashtables.lockbased.IntegerCollaborativeQueueHashMap,1000000,1,1,0,0,13057.45336
hashtables.lockbased.IntegerQueueHashMap,1000000,1,1,0,0,13120.58720
hashtables.lockbased.IntegerNonCollaborativeQueueHashMap,1000000,1,1,0,0,13008.79512
hashtables.lockbased.IntegerCollaborativeQueueHashMap,1000000,1,1,19,0,9559.31851
hashtables.lockbased.IntegerQueueHashMap,1000000,1,1,19,0,9649.70865
hashtables.lockbased.IntegerNonCollaborativeQueueHashMap,1000000,1,1,19,0,9955.33395
hashtables.lockbased.IntegerCollaborativeQueueHashMap,1000000,1,1,49,0,7952.75769
hashtables.lockbased.IntegerQueueHashMap,1000000,1,1,49,0,8018.90900
hashtables.lockbased.IntegerNonCollaborativeQueueHashMap,1000000,1,1,49,0,8163.78287
hashtables.lockbased.IntegerCollaborativeQueueHashMap,1000000,1,1,99,0,7308.09810
hashtables.lockbased.IntegerQueueHashMap,1000000,1,1,99,0,7350.03546
hashtables.lockbased.IntegerNonCollaborativeQueueHashMap,1000000,1,1,99,0,7261.73805
hashtables.lockbased.IntegerCollaborativeQueueHashMap,1000000,2,1,0,0,26753.32863
hashtables.lockbased.IntegerQueueHashMap,1000000,2,1,0,0,26480.52328
hashtables.lockbased.IntegerNonCollaborativeQueueHashMap,1000000,2,1,0,0,26067.09870
hashtables.lockbased.IntegerCollaborativeQueueHashMap,1000000,2,1,19,0,16954.31070
hashtables.lockbased.IntegerQueueHashMap,1000000,2,1,19,0,17840.47682
hashtables.lockbased.IntegerNonCollaborativeQueueHashMap,1000000,2,1,19,0,18065.12760
hashtables.lockbased.IntegerCollaborativeQueueHashMap,1000000,2,1,49,0,11541.16893
hashtables.lockbased.IntegerQueueHashMap,1000000,2,1,49,0,12889.78728
hashtables.lockbased.IntegerNonCollaborativeQueueHashMap,1000000,2,1,49,0,12052.20738
hashtables.lockbased.IntegerCollaborativeQueueHashMap,1000000,2,1,99,0,8563.19801
hashtables.lockbased.IntegerQueueHashMap,1000000,2,1,99,0,9223.97708
hashtables.lockbased.IntegerNonCollaborativeQueueHashMap,1000000,2,1,99,0,9518.77878
hashtables.lockbased.IntegerCollaborativeQueueHashMap,1000000,4,1,0,0,54360.90212
hashtables.lockbased.IntegerQueueHashMap,1000000,4,1,0,0,55629.24906
hashtables.lockbased.IntegerNonCollaborativeQueueHashMap,1000000,4,1,0,0,51968.15551
hashtables.lockbased.IntegerCollaborativeQueueHashMap,1000000,4,1,19,0,24434.15661
hashtables.lockbased.IntegerQueueHashMap,1000000,4,1,19,0,22669.93221
hashtables.lockbased.IntegerNonCollaborativeQueueHashMap,1000000,4,1,19,0,22707.76180
hashtables.lockbased.IntegerCollaborativeQueueHashMap,1000000,4,1,49,0,11638.51491
hashtables.lockbased.IntegerQueueHashMap,1000000,4,1,49,0,11256.37751
hashtables.lockbased.IntegerNonCollaborativeQueueHashMap,1000000,4,1,49,0,9677.77436
hashtables.lockbased.IntegerCollaborativeQueueHashMap,1000000,4,1,99,0,6419.18408
hashtables.lockbased.IntegerQueueHashMap,1000000,4,1,99,0,4767.63318
hashtables.lockbased.IntegerNonCollaborativeQueueHashMap,1000000,4,1,99,0,5361.33132
hashtables.lockbased.IntegerCollaborativeQueueHashMap,1000000,8,1,0,0,108781.65165
hashtables.lockbased.IntegerQueueHashMap,1000000,8,1,0,0,126826.35692
hashtables.lockbased.IntegerNonCollaborativeQueueHashMap,1000000,8,1,0,0,119937.93388
hashtables.lockbased.IntegerCollaborativeQueueHashMap,1000000,8,1,19,0,28060.10288
hashtables.lockbased.IntegerQueueHashMap,1000000,8,1,19,0,28899.65092
hashtables.lockbased.IntegerNonCollaborativeQueueHashMap,1000000,8,1,19,0,31539.45921
hashtables.lockbased.IntegerCollaborativeQueueHashMap,1000000,8,1,49,0,11409.47186
hashtables.lockbased.IntegerQueueHashMap,1000000,8,1,49,0,10770.71921
hashtables.lockbased.IntegerNonCollaborativeQueueHashMap,1000000,8,1,49,0,11678.93814
hashtables.lockbased.IntegerCollaborativeQueueHashMap,1000000,8,1,99,0,6069.09585
hashtables.lockbased.IntegerQueueHashMap,1000000,8,1,99,0,6227.52189
hashtables.lockbased.IntegerNonCollaborativeQueueHashMap,1000000,8,1,99,0,5765.64415
hashtables.lockbased.IntegerCollaborativeQueueHashMap,1000000,15,1,0,0,229157.82648
hashtables.lockbased.IntegerQueueHashMap,1000000,15,1,0,0,229865.14027
hashtables.lockbased.IntegerNonCollaborativeQueueHashMap,1000000,15,1,0,0,228092.73910
hashtables.lockbased.IntegerCollaborativeQueueHashMap,1000000,15,1,19,0,34960.81286
hashtables.lockbased.IntegerQueueHashMap,1000000,15,1,19,0,31883.03997
hashtables.lockbased.IntegerNonCollaborativeQueueHashMap,1000000,15,1,19,0,37107.86865
hashtables.lockbased.IntegerCollaborativeQueueHashMap,1000000,15,1,49,0,13832.01441
hashtables.lockbased.IntegerQueueHashMap,1000000,15,1,49,0,12953.93961
hashtables.lockbased.IntegerNonCollaborativeQueueHashMap,1000000,15,1,49,0,13232.53793
hashtables.lockbased.IntegerCollaborativeQueueHashMap,1000000,15,1,99,0,7071.58379
hashtables.lockbased.IntegerQueueHashMap,1000000,15,1,99,0,6988.33985
hashtables.lockbased.IntegerNonCollaborativeQueueHashMap,1000000,15,1,99,0,7923.93970
hashtables.lockbased.IntegerCollaborativeQueueHashMap,1000000,31,1,0,0,392318.06753
hashtables.lockbased.IntegerQueueHashMap,1000000,31,1,0,0,444135.44953
hashtables.lockbased.IntegerNonCollaborativeQueueHashMap,1000000,31,1,0,0,446921.83672
hashtables.lockbased.IntegerCollaborativeQueueHashMap,1000000,31,1,19,0,38033.17468
hashtables.lockbased.IntegerQueueHashMap,1000000,31,1,19,0,37880.25134
hashtables.lockbased.IntegerNonCollaborativeQueueHashMap,1000000,31,1,19,0,51323.12631
hashtables.lockbased.IntegerCollaborativeQueueHashMap,1000000,31,1,49,0,16256.76112
hashtables.lockbased.IntegerQueueHashMap,1000000,31,1,49,0,15886.56571
hashtables.lockbased.IntegerNonCollaborativeQueueHashMap,1000000,31,1,49,0,16107.12082
hashtables.lockbased.IntegerCollaborativeQueueHashMap,1000000,31,1,99,0,7227.34267
hashtables.lockbased.IntegerQueueHashMap,1000000,31,1,99,0,7596.36681
hashtables.lockbased.IntegerNonCollaborativeQueueHashMap,1000000,31,1,99,0,7708.58093
hashtables.lockbased.IntegerCollaborativeQueueHashMap,1000000,47,1,0,0,649310.53022
hashtables.lockbased.IntegerQueueHashMap,1000000,47,1,0,0,636904.02152
hashtables.lockbased.IntegerNonCollaborativeQueueHashMap,1000000,47,1,0,0,647757.04539
hashtables.lockbased.IntegerCollaborativeQueueHashMap,1000000,47,1,19,0,37297.02152
hashtables.lockbased.IntegerQueueHashMap,1000000,47,1,19,0,39424.47850
hashtables.lockbased.IntegerNonCollaborativeQueueHashMap,1000000,47,1,19,0,34423.19661
hashtables.lockbased.IntegerCollaborativeQueueHashMap,1000000,47,1,49,0,13989.85467
hashtables.lockbased.IntegerQueueHashMap,1000000,47,1,49,0,14029.61732
hashtables.lockbased.IntegerNonCollaborativeQueueHashMap,1000000,47,1,49,0,12492.68791
hashtables.lockbased.IntegerCollaborativeQueueHashMap,1000000,47,1,99,0,7348.39009
hashtables.lockbased.IntegerQueueHashMap,1000000,47,1,99,0,7832.50422
hashtables.lockbased.IntegerNonCollaborativeQueueHashMap,1000000,47,1,99,0,7134.77518
hashtables.lockbased.IntegerCollaborativeQueueHashMap,1000000,63,1,0,0,849898.54921
hashtables.lockbased.IntegerQueueHashMap,1000000,63,1,0,0,835896.46510
hashtables.lockbased.IntegerNonCollaborativeQueueHashMap,1000000,63,1,0,0,834050.07332
hashtables.lockbased.IntegerCollaborativeQueueHashMap,1000000,63,1,19,0,53163.80601
hashtables.lockbased.IntegerQueueHashMap,1000000,63,1,19,0,44206.44368
hashtables.lockbased.IntegerNonCollaborativeQueueHashMap,1000000,63,1,19,0,41234.36732
hashtables.lockbased.IntegerCollaborativeQueueHashMap,1000000,63,1,49,0,14489.44926
hashtables.lockbased.IntegerQueueHashMap,1000000,63,1,49,0,21467.78455
hashtables.lockbased.IntegerNonCollaborativeQueueHashMap,1000000,63,1,49,0,18702.12942
hashtables.lockbased.IntegerCollaborativeQueueHashMap,1000000,63,1,99,0,7050.79006
hashtables.lockbased.IntegerQueueHashMap,1000000,63,1,99,0,7684.04708
hashtables.lockbased.IntegerNonCollaborativeQueueHashMap,1000000,63,1,99,0,7308.35631
hashtables.lockbased.IntegerCollaborativeQueueHashMap,1000000,1,2,0,0,13188.42247
hashtables.lockbased.IntegerQueueHashMap,1000000,1,2,0,0,13121.61943
hashtables.lockbased.IntegerNonCollaborativeQueueHashMap,1000000,1,2,0,0,13173.33643
hashtables.lockbased.IntegerCollaborativeQueueHashMap,1000000,1,2,19,0,10102.16336
hashtables.lockbased.IntegerQueueHashMap,1000000,1,2,19,0,9756.90565
hashtables.lockbased.IntegerNonCollaborativeQueueHashMap,1000000,1,2,19,0,9819.36581
hashtables.lockbased.IntegerCollaborativeQueueHashMap,1000000,1,2,49,0,8216.81053
hashtables.lockbased.IntegerQueueHashMap,1000000,1,2,49,0,7493.11223
hashtables.lockbased.IntegerNonCollaborativeQueueHashMap,1000000,1,2,49,0,8141.67403
hashtables.lockbased.IntegerCollaborativeQueueHashMap,1000000,1,2,98,0,7282.50695
hashtables.lockbased.IntegerQueueHashMap,1000000,1,2,98,0,7403.68913
hashtables.lockbased.IntegerNonCollaborativeQueueHashMap,1000000,1,2,98,0,7146.86468
hashtables.lockbased.IntegerCollaborativeQueueHashMap,1000000,2,2,0,0,27022.23305
hashtables.lockbased.IntegerQueueHashMap,1000000,2,2,0,0,26730.42716
hashtables.lockbased.IntegerNonCollaborativeQueueHashMap,1000000,2,2,0,0,24175.15684
hashtables.lockbased.IntegerCollaborativeQueueHashMap,1000000,2,2,19,0,17614.14984
hashtables.lockbased.IntegerQueueHashMap,1000000,2,2,19,0,17582.36732
hashtables.lockbased.IntegerNonCollaborativeQueueHashMap,1000000,2,2,19,0,17656.17252
hashtables.lockbased.IntegerCollaborativeQueueHashMap,1000000,2,2,49,0,10901.26597
hashtables.lockbased.IntegerQueueHashMap,1000000,2,2,49,0,12989.71261
hashtables.lockbased.IntegerNonCollaborativeQueueHashMap,1000000,2,2,49,0,12946.13655
hashtables.lockbased.IntegerCollaborativeQueueHashMap,1000000,2,2,98,0,9521.09826
hashtables.lockbased.IntegerQueueHashMap,1000000,2,2,98,0,9257.52786
hashtables.lockbased.IntegerNonCollaborativeQueueHashMap,1000000,2,2,98,0,8559.18250
hashtables.lockbased.IntegerCollaborativeQueueHashMap,1000000,4,2,0,0,55001.71570
hashtables.lockbased.IntegerQueueHashMap,1000000,4,2,0,0,53857.56940
hashtables.lockbased.IntegerNonCollaborativeQueueHashMap,1000000,4,2,0,0,53496.00975
hashtables.lockbased.IntegerCollaborativeQueueHashMap,1000000,4,2,19,0,23735.44579
hashtables.lockbased.IntegerQueueHashMap,1000000,4,2,19,0,23346.28024
hashtables.lockbased.IntegerNonCollaborativeQueueHashMap,1000000,4,2,19,0,22617.67092
hashtables.lockbased.IntegerCollaborativeQueueHashMap,1000000,4,2,49,0,10026.12783
hashtables.lockbased.IntegerQueueHashMap,1000000,4,2,49,0,11528.88727
hashtables.lockbased.IntegerNonCollaborativeQueueHashMap,1000000,4,2,49,0,11147.85757
hashtables.lockbased.IntegerCollaborativeQueueHashMap,1000000,4,2,98,0,6237.43195
hashtables.lockbased.IntegerQueueHashMap,1000000,4,2,98,0,5157.18325
hashtables.lockbased.IntegerNonCollaborativeQueueHashMap,1000000,4,2,98,0,5950.03006
hashtables.lockbased.IntegerCollaborativeQueueHashMap,1000000,8,2,0,0,115242.91699
hashtables.lockbased.IntegerQueueHashMap,1000000,8,2,0,0,114238.89193
hashtables.lockbased.IntegerNonCollaborativeQueueHashMap,1000000,8,2,0,0,118652.06909
hashtables.lockbased.IntegerCollaborativeQueueHashMap,1000000,8,2,19,0,29383.89611
hashtables.lockbased.IntegerQueueHashMap,1000000,8,2,19,0,29913.28915
hashtables.lockbased.IntegerNonCollaborativeQueueHashMap,1000000,8,2,19,0,31066.48003
hashtables.lockbased.IntegerCollaborativeQueueHashMap,1000000,8,2,49,0,11145.49200
hashtables.lockbased.IntegerQueueHashMap,1000000,8,2,49,0,11978.41937
hashtables.lockbased.IntegerNonCollaborativeQueueHashMap,1000000,8,2,49,0,11880.45743
hashtables.lockbased.IntegerCollaborativeQueueHashMap,1000000,8,2,98,0,4606.41800
hashtables.lockbased.IntegerQueueHashMap,1000000,8,2,98,0,5562.15571
hashtables.lockbased.IntegerNonCollaborativeQueueHashMap,1000000,8,2,98,0,6352.68436
hashtables.lockbased.IntegerCollaborativeQueueHashMap,1000000,15,2,0,0,233203.51495
hashtables.lockbased.IntegerQueueHashMap,1000000,15,2,0,0,226114.31389
hashtables.lockbased.IntegerNonCollaborativeQueueHashMap,1000000,15,2,0,0,227280.16682
hashtables.lockbased.IntegerCollaborativeQueueHashMap,1000000,15,2,19,0,32408.45525
hashtables.lockbased.IntegerQueueHashMap,1000000,15,2,19,0,32165.20941
hashtables.lockbased.IntegerNonCollaborativeQueueHashMap,1000000,15,2,19,0,32688.54634
hashtables.lockbased.IntegerCollaborativeQueueHashMap,1000000,15,2,49,0,14272.08397
hashtables.lockbased.IntegerQueueHashMap,1000000,15,2,49,0,13415.66388
hashtables.lockbased.IntegerNonCollaborativeQueueHashMap,1000000,15,2,49,0,13289.47854
hashtables.lockbased.IntegerCollaborativeQueueHashMap,1000000,15,2,98,0,7627.04995
hashtables.lockbased.IntegerQueueHashMap,1000000,15,2,98,0,7429.69047
hashtables.lockbased.IntegerNonCollaborativeQueueHashMap,1000000,15,2,98,0,6719.91600
hashtables.lockbased.IntegerCollaborativeQueueHashMap,1000000,31,2,0,0,461507.36669
hashtables.lockbased.IntegerQueueHashMap,1000000,31,2,0,0,452035.01924
hashtables.lockbased.IntegerNonCollaborativeQueueHashMap,1000000,31,2,0,0,450923.86728
hashtables.lockbased.IntegerCollaborativeQueueHashMap,1000000,31,2,19,0,45170.60513
hashtables.lockbased.IntegerQueueHashMap,1000000,31,2,19,0,33786.18384
hashtables.lockbased.IntegerNonCollaborativeQueueHashMap,1000000,31,2,19,0,40219.19453
hashtables.lockbased.IntegerCollaborativeQueueHashMap,1000000,31,2,49,0,15454.74871
hashtables.lockbased.IntegerQueueHashMap,1000000,31,2,49,0,21083.25934
hashtables.lockbased.IntegerNonCollaborativeQueueHashMap,1000000,31,2,49,0,16017.31308
hashtables.lockbased.IntegerCollaborativeQueueHashMap,1000000,31,2,98,0,8387.28821
hashtables.lockbased.IntegerQueueHashMap,1000000,31,2,98,0,7743.19103
hashtables.lockbased.IntegerNonCollaborativeQueueHashMap,1000000,31,2,98,0,7894.69609
hashtables.lockbased.IntegerCollaborativeQueueHashMap,1000000,47,2,0,0,660827.06544
hashtables.lockbased.IntegerQueueHashMap,1000000,47,2,0,0,650589.24120
hashtables.lockbased.IntegerNonCollaborativeQueueHashMap,1000000,47,2,0,0,647264.25138
hashtables.lockbased.IntegerCollaborativeQueueHashMap,1000000,47,2,19,0,48644.63736
hashtables.lockbased.IntegerQueueHashMap,1000000,47,2,19,0,40120.11573
hashtables.lockbased.IntegerNonCollaborativeQueueHashMap,1000000,47,2,19,0,38033.39020
hashtables.lockbased.IntegerCollaborativeQueueHashMap,1000000,47,2,49,0,14402.67033
hashtables.lockbased.IntegerQueueHashMap,1000000,47,2,49,0,13160.20485
hashtables.lockbased.IntegerNonCollaborativeQueueHashMap,1000000,47,2,49,0,15316.91232
hashtables.lockbased.IntegerCollaborativeQueueHashMap,1000000,47,2,98,0,7204.38341
hashtables.lockbased.IntegerQueueHashMap,1000000,47,2,98,0,9408.09343
hashtables.lockbased.IntegerNonCollaborativeQueueHashMap,1000000,47,2,98,0,9125.64274
hashtables.lockbased.IntegerCollaborativeQueueHashMap,1000000,63,2,0,0,849302.77286
hashtables.lockbased.IntegerQueueHashMap,1000000,63,2,0,0,851080.79661
hashtables.lockbased.IntegerNonCollaborativeQueueHashMap,1000000,63,2,0,0,850978.68202
hashtables.lockbased.IntegerCollaborativeQueueHashMap,1000000,63,2,19,0,38642.58673
hashtables.lockbased.IntegerQueueHashMap,1000000,63,2,19,0,56881.67882
hashtables.lockbased.IntegerNonCollaborativeQueueHashMap,1000000,63,2,19,0,34801.27783
hashtables.lockbased.IntegerCollaborativeQueueHashMap,1000000,63,2,49,0,19255.18955
hashtables.lockbased.IntegerQueueHashMap,1000000,63,2,49,0,14449.18121
hashtables.lockbased.IntegerNonCollaborativeQueueHashMap,1000000,63,2,49,0,15853.42337
hashtables.lockbased.IntegerCollaborativeQueueHashMap,1000000,63,2,98,0,11379.51248
hashtables.lockbased.IntegerQueueHashMap,1000000,63,2,98,0,6616.43049
hashtables.lockbased.IntegerNonCollaborativeQueueHashMap,1000000,63,2,98,0,7348.38090
hashtables.lockbased.IntegerCollaborativeQueueHashMap,1000000,1,4,0,0,13479.88976
hashtables.lockbased.IntegerQueueHashMap,1000000,1,4,0,0,13851.04168
hashtables.lockbased.IntegerNonCollaborativeQueueHashMap,1000000,1,4,0,0,13647.61183
hashtables.lockbased.IntegerCollaborativeQueueHashMap,1000000,1,4,19,0,9803.72433
hashtables.lockbased.IntegerQueueHashMap,1000000,1,4,19,0,9977.94125
hashtables.lockbased.IntegerNonCollaborativeQueueHashMap,1000000,1,4,19,0,9859.13016
hashtables.lockbased.IntegerCollaborativeQueueHashMap,1000000,1,4,48,0,8174.78435
hashtables.lockbased.IntegerQueueHashMap,1000000,1,4,48,0,7630.07726
hashtables.lockbased.IntegerNonCollaborativeQueueHashMap,1000000,1,4,48,0,8254.92922
hashtables.lockbased.IntegerCollaborativeQueueHashMap,1000000,1,4,96,0,7495.36792
hashtables.lockbased.IntegerQueueHashMap,1000000,1,4,96,0,7489.62274
hashtables.lockbased.IntegerNonCollaborativeQueueHashMap,1000000,1,4,96,0,6969.77558
hashtables.lockbased.IntegerCollaborativeQueueHashMap,1000000,2,4,0,0,27325.74407
hashtables.lockbased.IntegerQueueHashMap,1000000,2,4,0,0,26301.87963
hashtables.lockbased.IntegerNonCollaborativeQueueHashMap,1000000,2,4,0,0,27290.17821
hashtables.lockbased.IntegerCollaborativeQueueHashMap,1000000,2,4,19,0,18339.38573
hashtables.lockbased.IntegerQueueHashMap,1000000,2,4,19,0,17898.31916
hashtables.lockbased.IntegerNonCollaborativeQueueHashMap,1000000,2,4,19,0,16848.61432
hashtables.lockbased.IntegerCollaborativeQueueHashMap,1000000,2,4,48,0,13156.64562
hashtables.lockbased.IntegerQueueHashMap,1000000,2,4,48,0,13106.82790
hashtables.lockbased.IntegerNonCollaborativeQueueHashMap,1000000,2,4,48,0,13478.98096
hashtables.lockbased.IntegerCollaborativeQueueHashMap,1000000,2,4,96,0,9857.23207
hashtables.lockbased.IntegerQueueHashMap,1000000,2,4,96,0,9600.19285
hashtables.lockbased.IntegerNonCollaborativeQueueHashMap,1000000,2,4,96,0,8859.78295
hashtables.lockbased.IntegerCollaborativeQueueHashMap,1000000,4,4,0,0,53284.24295
hashtables.lockbased.IntegerQueueHashMap,1000000,4,4,0,0,56067.84548
hashtables.lockbased.IntegerNonCollaborativeQueueHashMap,1000000,4,4,0,0,55444.51118
hashtables.lockbased.IntegerCollaborativeQueueHashMap,1000000,4,4,19,0,23359.98127
hashtables.lockbased.IntegerQueueHashMap,1000000,4,4,19,0,22579.79445
hashtables.lockbased.IntegerNonCollaborativeQueueHashMap,1000000,4,4,19,0,21640.10021
hashtables.lockbased.IntegerCollaborativeQueueHashMap,1000000,4,4,48,0,10414.21830
hashtables.lockbased.IntegerQueueHashMap,1000000,4,4,48,0,11129.76665
hashtables.lockbased.IntegerNonCollaborativeQueueHashMap,1000000,4,4,48,0,10723.79005
hashtables.lockbased.IntegerCollaborativeQueueHashMap,1000000,4,4,96,0,5365.04904
hashtables.lockbased.IntegerQueueHashMap,1000000,4,4,96,0,6325.74014
hashtables.lockbased.IntegerNonCollaborativeQueueHashMap,1000000,4,4,96,0,5702.43100
hashtables.lockbased.IntegerCollaborativeQueueHashMap,1000000,8,4,0,0,127161.59362
hashtables.lockbased.IntegerQueueHashMap,1000000,8,4,0,0,104501.10585
hashtables.lockbased.IntegerNonCollaborativeQueueHashMap,1000000,8,4,0,0,125720.78734
hashtables.lockbased.IntegerCollaborativeQueueHashMap,1000000,8,4,19,0,27287.40988
hashtables.lockbased.IntegerQueueHashMap,1000000,8,4,19,0,27897.68320
hashtables.lockbased.IntegerNonCollaborativeQueueHashMap,1000000,8,4,19,0,30335.65463
hashtables.lockbased.IntegerCollaborativeQueueHashMap,1000000,8,4,48,0,11825.09363
hashtables.lockbased.IntegerQueueHashMap,1000000,8,4,48,0,11655.46847
hashtables.lockbased.IntegerNonCollaborativeQueueHashMap,1000000,8,4,48,0,12049.03219
hashtables.lockbased.IntegerCollaborativeQueueHashMap,1000000,8,4,96,0,5782.28610
hashtables.lockbased.IntegerQueueHashMap,1000000,8,4,96,0,7540.71294
hashtables.lockbased.IntegerNonCollaborativeQueueHashMap,1000000,8,4,96,0,5996.58154
hashtables.lockbased.IntegerCollaborativeQueueHashMap,1000000,15,4,0,0,236736.41877
hashtables.lockbased.IntegerQueueHashMap,1000000,15,4,0,0,233470.47119
hashtables.lockbased.IntegerNonCollaborativeQueueHashMap,1000000,15,4,0,0,234393.12712
hashtables.lockbased.IntegerCollaborativeQueueHashMap,1000000,15,4,19,0,34870.71863
hashtables.lockbased.IntegerQueueHashMap,1000000,15,4,19,0,32216.45932
hashtables.lockbased.IntegerNonCollaborativeQueueHashMap,1000000,15,4,19,0,35093.71612
hashtables.lockbased.IntegerCollaborativeQueueHashMap,1000000,15,4,48,0,15760.92801
hashtables.lockbased.IntegerQueueHashMap,1000000,15,4,48,0,11563.93622
hashtables.lockbased.IntegerNonCollaborativeQueueHashMap,1000000,15,4,48,0,17363.56558
hashtables.lockbased.IntegerCollaborativeQueueHashMap,1000000,15,4,96,0,6554.29211
hashtables.lockbased.IntegerQueueHashMap,1000000,15,4,96,0,9134.74296
hashtables.lockbased.IntegerNonCollaborativeQueueHashMap,1000000,15,4,96,0,7074.30382
hashtables.lockbased.IntegerCollaborativeQueueHashMap,1000000,31,4,0,0,461254.97174
hashtables.lockbased.IntegerQueueHashMap,1000000,31,4,0,0,458144.44861
hashtables.lockbased.IntegerNonCollaborativeQueueHashMap,1000000,31,4,0,0,442971.81689
hashtables.lockbased.IntegerCollaborativeQueueHashMap,1000000,31,4,19,0,38419.91471
hashtables.lockbased.IntegerQueueHashMap,1000000,31,4,19,0,29230.57185
hashtables.lockbased.IntegerNonCollaborativeQueueHashMap,1000000,31,4,19,0,42451.18831
hashtables.lockbased.IntegerCollaborativeQueueHashMap,1000000,31,4,48,0,16865.94528
hashtables.lockbased.IntegerQueueHashMap,1000000,31,4,48,0,17916.35798
hashtables.lockbased.IntegerNonCollaborativeQueueHashMap,1000000,31,4,48,0,20996.97185
hashtables.lockbased.IntegerCollaborativeQueueHashMap,1000000,31,4,96,0,9523.57421
hashtables.lockbased.IntegerQueueHashMap,1000000,31,4,96,0,6412.23288
hashtables.lockbased.IntegerNonCollaborativeQueueHashMap,1000000,31,4,96,0,8237.71592
hashtables.lockbased.IntegerCollaborativeQueueHashMap,1000000,47,4,0,0,677191.17168
hashtables.lockbased.IntegerQueueHashMap,1000000,47,4,0,0,652881.33778
hashtables.lockbased.IntegerNonCollaborativeQueueHashMap,1000000,47,4,0,0,660430.09029
hashtables.lockbased.IntegerCollaborativeQueueHashMap,1000000,47,4,19,0,39850.28570
hashtables.lockbased.IntegerQueueHashMap,1000000,47,4,19,0,39878.39398
hashtables.lockbased.IntegerNonCollaborativeQueueHashMap,1000000,47,4,19,0,51602.19767
hashtables.lockbased.IntegerCollaborativeQueueHashMap,1000000,47,4,48,0,15307.35123
hashtables.lockbased.IntegerQueueHashMap,1000000,47,4,48,0,17097.03819
hashtables.lockbased.IntegerNonCollaborativeQueueHashMap,1000000,47,4,48,0,15661.79262
hashtables.lockbased.IntegerCollaborativeQueueHashMap,1000000,47,4,96,0,8148.80271
hashtables.lockbased.IntegerQueueHashMap,1000000,47,4,96,0,7135.98715
hashtables.lockbased.IntegerNonCollaborativeQueueHashMap,1000000,47,4,96,0,7461.50218
hashtables.lockbased.IntegerCollaborativeQueueHashMap,1000000,63,4,0,0,870155.10917
hashtables.lockbased.IntegerQueueHashMap,1000000,63,4,0,0,854947.79933
hashtables.lockbased.IntegerNonCollaborativeQueueHashMap,1000000,63,4,0,0,860976.04521
hashtables.lockbased.IntegerCollaborativeQueueHashMap,1000000,63,4,19,0,52054.88963
hashtables.lockbased.IntegerQueueHashMap,1000000,63,4,19,0,39465.29558
hashtables.lockbased.IntegerNonCollaborativeQueueHashMap,1000000,63,4,19,0,39074.53049
hashtables.lockbased.IntegerCollaborativeQueueHashMap,1000000,63,4,48,0,19802.71054
hashtables.lockbased.IntegerQueueHashMap,1000000,63,4,48,0,14981.36713
hashtables.lockbased.IntegerNonCollaborativeQueueHashMap,1000000,63,4,48,0,18420.37857
hashtables.lockbased.IntegerCollaborativeQueueHashMap,1000000,63,4,96,0,11728.57884
hashtables.lockbased.IntegerQueueHashMap,1000000,63,4,96,0,11445.30083
hashtables.lockbased.IntegerNonCollaborativeQueueHashMap,1000000,63,4,96,0,7124.69021
hashtables.lockbased.IntegerCollaborativeQueueHashMap,1000000,1,8,0,0,13561.44650
hashtables.lockbased.IntegerQueueHashMap,1000000,1,8,0,0,14256.04039
hashtables.lockbased.IntegerNonCollaborativeQueueHashMap,1000000,1,8,0,0,14190.11773
hashtables.lockbased.IntegerCollaborativeQueueHashMap,1000000,1,8,18,0,10319.12966
hashtables.lockbased.IntegerQueueHashMap,1000000,1,8,18,0,10362.31925
hashtables.lockbased.IntegerNonCollaborativeQueueHashMap,1000000,1,8,18,0,10641.97082
hashtables.lockbased.IntegerCollaborativeQueueHashMap,1000000,1,8,46,0,8624.33490
hashtables.lockbased.IntegerQueueHashMap,1000000,1,8,46,0,8598.47032
hashtables.lockbased.IntegerNonCollaborativeQueueHashMap,1000000,1,8,46,0,8301.44020
hashtables.lockbased.IntegerCollaborativeQueueHashMap,1000000,1,8,92,0,7388.57407
hashtables.lockbased.IntegerQueueHashMap,1000000,1,8,92,0,7854.84251
hashtables.lockbased.IntegerNonCollaborativeQueueHashMap,1000000,1,8,92,0,7736.65013
hashtables.lockbased.IntegerCollaborativeQueueHashMap,1000000,2,8,0,0,28470.55804
hashtables.lockbased.IntegerQueueHashMap,1000000,2,8,0,0,27734.87542
hashtables.lockbased.IntegerNonCollaborativeQueueHashMap,1000000,2,8,0,0,27733.11842
hashtables.lockbased.IntegerCollaborativeQueueHashMap,1000000,2,8,18,0,18885.88806
hashtables.lockbased.IntegerQueueHashMap,1000000,2,8,18,0,18704.72045
hashtables.lockbased.IntegerNonCollaborativeQueueHashMap,1000000,2,8,18,0,18540.38274
hashtables.lockbased.IntegerCollaborativeQueueHashMap,1000000,2,8,46,0,13697.11468
hashtables.lockbased.IntegerQueueHashMap,1000000,2,8,46,0,13879.05661
hashtables.lockbased.IntegerNonCollaborativeQueueHashMap,1000000,2,8,46,0,13299.05139
hashtables.lockbased.IntegerCollaborativeQueueHashMap,1000000,2,8,92,0,10204.46066
hashtables.lockbased.IntegerQueueHashMap,1000000,2,8,92,0,9766.50146
hashtables.lockbased.IntegerNonCollaborativeQueueHashMap,1000000,2,8,92,0,9397.80242
hashtables.lockbased.IntegerCollaborativeQueueHashMap,1000000,4,8,0,0,57049.01524
hashtables.lockbased.IntegerQueueHashMap,1000000,4,8,0,0,53476.08719
hashtables.lockbased.IntegerNonCollaborativeQueueHashMap,1000000,4,8,0,0,54835.45766
hashtables.lockbased.IntegerCollaborativeQueueHashMap,1000000,4,8,18,0,24063.09781
hashtables.lockbased.IntegerQueueHashMap,1000000,4,8,18,0,23272.23134
hashtables.lockbased.IntegerNonCollaborativeQueueHashMap,1000000,4,8,18,0,24620.93546
hashtables.lockbased.IntegerCollaborativeQueueHashMap,1000000,4,8,46,0,11086.78638
hashtables.lockbased.IntegerQueueHashMap,1000000,4,8,46,0,11060.40429
hashtables.lockbased.IntegerNonCollaborativeQueueHashMap,1000000,4,8,46,0,11261.53838
hashtables.lockbased.IntegerCollaborativeQueueHashMap,1000000,4,8,92,0,6236.17916
hashtables.lockbased.IntegerQueueHashMap,1000000,4,8,92,0,6084.90139
hashtables.lockbased.IntegerNonCollaborativeQueueHashMap,1000000,4,8,92,0,6106.30650
hashtables.lockbased.IntegerCollaborativeQueueHashMap,1000000,8,8,0,0,131336.46409
hashtables.lockbased.IntegerQueueHashMap,1000000,8,8,0,0,117880.57966
hashtables.lockbased.IntegerNonCollaborativeQueueHashMap,1000000,8,8,0,0,120777.50908
hashtables.lockbased.IntegerCollaborativeQueueHashMap,1000000,8,8,18,0,31459.81648
hashtables.lockbased.IntegerQueueHashMap,1000000,8,8,18,0,32137.21025
hashtables.lockbased.IntegerNonCollaborativeQueueHashMap,1000000,8,8,18,0,29305.48860
hashtables.lockbased.IntegerCollaborativeQueueHashMap,1000000,8,8,46,0,15122.77577
hashtables.lockbased.IntegerQueueHashMap,1000000,8,8,46,0,12397.69491
hashtables.lockbased.IntegerNonCollaborativeQueueHashMap,1000000,8,8,46,0,9736.29846
hashtables.lockbased.IntegerCollaborativeQueueHashMap,1000000,8,8,92,0,8313.35028
hashtables.lockbased.IntegerQueueHashMap,1000000,8,8,92,0,5538.94226
hashtables.lockbased.IntegerNonCollaborativeQueueHashMap,1000000,8,8,92,0,5394.86542
hashtables.lockbased.IntegerCollaborativeQueueHashMap,1000000,15,8,0,0,241496.54010
hashtables.lockbased.IntegerQueueHashMap,1000000,15,8,0,0,244179.09222
hashtables.lockbased.IntegerNonCollaborativeQueueHashMap,1000000,15,8,0,0,243503.46735
hashtables.lockbased.IntegerCollaborativeQueueHashMap,1000000,15,8,18,0,36255.48874
hashtables.lockbased.IntegerQueueHashMap,1000000,15,8,18,0,39591.14440
hashtables.lockbased.IntegerNonCollaborativeQueueHashMap,1000000,15,8,18,0,30373.67353
hashtables.lockbased.IntegerCollaborativeQueueHashMap,1000000,15,8,46,0,12957.27145
hashtables.lockbased.IntegerQueueHashMap,1000000,15,8,46,0,13669.17154
hashtables.lockbased.IntegerNonCollaborativeQueueHashMap,1000000,15,8,46,0,15345.91405
hashtables.lockbased.IntegerCollaborativeQueueHashMap,1000000,15,8,92,0,7151.08784
hashtables.lockbased.IntegerQueueHashMap,1000000,15,8,92,0,9718.29384
hashtables.lockbased.IntegerNonCollaborativeQueueHashMap,1000000,15,8,92,0,10048.82870
hashtables.lockbased.IntegerCollaborativeQueueHashMap,1000000,31,8,0,0,483814.46940
hashtables.lockbased.IntegerQueueHashMap,1000000,31,8,0,0,470153.08745
hashtables.lockbased.IntegerNonCollaborativeQueueHashMap,1000000,31,8,0,0,483606.20032
hashtables.lockbased.IntegerCollaborativeQueueHashMap,1000000,31,8,18,0,41505.43805
hashtables.lockbased.IntegerQueueHashMap,1000000,31,8,18,0,44758.54542
hashtables.lockbased.IntegerNonCollaborativeQueueHashMap,1000000,31,8,18,0,53832.87700
hashtables.lockbased.IntegerCollaborativeQueueHashMap,1000000,31,8,46,0,17315.16385
hashtables.lockbased.IntegerQueueHashMap,1000000,31,8,46,0,16583.13183
hashtables.lockbased.IntegerNonCollaborativeQueueHashMap,1000000,31,8,46,0,21059.25677
hashtables.lockbased.IntegerCollaborativeQueueHashMap,1000000,31,8,92,0,8095.74250
hashtables.lockbased.IntegerQueueHashMap,1000000,31,8,92,0,9389.17769
hashtables.lockbased.IntegerNonCollaborativeQueueHashMap,1000000,31,8,92,0,8239.84225
hashtables.lockbased.IntegerCollaborativeQueueHashMap,1000000,47,8,0,0,687066.14579
hashtables.lockbased.IntegerQueueHashMap,1000000,47,8,0,0,698412.01494
hashtables.lockbased.IntegerNonCollaborativeQueueHashMap,1000000,47,8,0,0,682970.18428
hashtables.lockbased.IntegerCollaborativeQueueHashMap,1000000,47,8,18,0,38912.51798
hashtables.lockbased.IntegerQueueHashMap,1000000,47,8,18,0,39219.52542
hashtables.lockbased.IntegerNonCollaborativeQueueHashMap,1000000,47,8,18,0,32836.88501
hashtables.lockbased.IntegerCollaborativeQueueHashMap,1000000,47,8,46,0,19798.98611
hashtables.lockbased.IntegerQueueHashMap,1000000,47,8,46,0,18870.32352
hashtables.lockbased.IntegerNonCollaborativeQueueHashMap,1000000,47,8,46,0,15247.35690
hashtables.lockbased.IntegerCollaborativeQueueHashMap,1000000,47,8,92,0,7505.82174
hashtables.lockbased.IntegerQueueHashMap,1000000,47,8,92,0,8499.85211
hashtables.lockbased.IntegerNonCollaborativeQueueHashMap,1000000,47,8,92,0,7755.29331
hashtables.lockbased.IntegerCollaborativeQueueHashMap,1000000,63,8,0,0,902284.46074
hashtables.lockbased.IntegerQueueHashMap,1000000,63,8,0,0,887209.42993
hashtables.lockbased.IntegerNonCollaborativeQueueHashMap,1000000,63,8,0,0,879616.12451
hashtables.lockbased.IntegerCollaborativeQueueHashMap,1000000,63,8,18,0,33239.07871
hashtables.lockbased.IntegerQueueHashMap,1000000,63,8,18,0,44231.75003
hashtables.lockbased.IntegerNonCollaborativeQueueHashMap,1000000,63,8,18,0,39663.64170
hashtables.lockbased.IntegerCollaborativeQueueHashMap,1000000,63,8,46,0,15460.23022
hashtables.lockbased.IntegerQueueHashMap,1000000,63,8,46,0,16832.12593
hashtables.lockbased.IntegerNonCollaborativeQueueHashMap,1000000,63,8,46,0,16795.36533
hashtables.lockbased.IntegerCollaborativeQueueHashMap,1000000,63,8,92,0,6774.92384
hashtables.lockbased.IntegerQueueHashMap,1000000,63,8,92,0,7921.63717
hashtables.lockbased.IntegerNonCollaborativeQueueHashMap,1000000,63,8,92,0,7534.02766
hashtables.lockbased.IntegerCollaborativeQueueHashMap,1000000,1,16,0,0,15664.45695
hashtables.lockbased.IntegerQueueHashMap,1000000,1,16,0,0,15268.18022
hashtables.lockbased.IntegerNonCollaborativeQueueHashMap,1000000,1,16,0,0,14306.19769
hashtables.lockbased.IntegerCollaborativeQueueHashMap,1000000,1,16,16,0,10999.69123
hashtables.lockbased.IntegerQueueHashMap,1000000,1,16,16,0,11480.59080
hashtables.lockbased.IntegerNonCollaborativeQueueHashMap,1000000,1,16,16,0,11330.50558
hashtables.lockbased.IntegerCollaborativeQueueHashMap,1000000,1,16,42,0,9490.76044
hashtables.lockbased.IntegerQueueHashMap,1000000,1,16,42,0,9401.05280
hashtables.lockbased.IntegerNonCollaborativeQueueHashMap,1000000,1,16,42,0,9013.07942
hashtables.lockbased.IntegerCollaborativeQueueHashMap,1000000,1,16,84,0,8506.45602
hashtables.lockbased.IntegerQueueHashMap,1000000,1,16,84,0,8415.76681
hashtables.lockbased.IntegerNonCollaborativeQueueHashMap,1000000,1,16,84,0,8406.75737
hashtables.lockbased.IntegerCollaborativeQueueHashMap,1000000,2,16,0,0,30579.92349
hashtables.lockbased.IntegerQueueHashMap,1000000,2,16,0,0,30619.13327
hashtables.lockbased.IntegerNonCollaborativeQueueHashMap,1000000,2,16,0,0,30645.56347
hashtables.lockbased.IntegerCollaborativeQueueHashMap,1000000,2,16,16,0,21236.09477
hashtables.lockbased.IntegerQueueHashMap,1000000,2,16,16,0,20302.51731
hashtables.lockbased.IntegerNonCollaborativeQueueHashMap,1000000,2,16,16,0,20643.19455
hashtables.lockbased.IntegerCollaborativeQueueHashMap,1000000,2,16,42,0,15044.28409
hashtables.lockbased.IntegerQueueHashMap,1000000,2,16,42,0,15109.22967
hashtables.lockbased.IntegerNonCollaborativeQueueHashMap,1000000,2,16,42,0,14780.72737
hashtables.lockbased.IntegerCollaborativeQueueHashMap,1000000,2,16,84,0,11151.22112
hashtables.lockbased.IntegerQueueHashMap,1000000,2,16,84,0,10744.28649
hashtables.lockbased.IntegerNonCollaborativeQueueHashMap,1000000,2,16,84,0,10049.96989
hashtables.lockbased.IntegerCollaborativeQueueHashMap,1000000,4,16,0,0,61237.23362
hashtables.lockbased.IntegerQueueHashMap,1000000,4,16,0,0,60691.57103
hashtables.lockbased.IntegerNonCollaborativeQueueHashMap,1000000,4,16,0,0,57704.90690
hashtables.lockbased.IntegerCollaborativeQueueHashMap,1000000,4,16,16,0,28034.00357
hashtables.lockbased.IntegerQueueHashMap,1000000,4,16,16,0,28049.91779
hashtables.lockbased.IntegerNonCollaborativeQueueHashMap,1000000,4,16,16,0,28030.62935
hashtables.lockbased.IntegerCollaborativeQueueHashMap,1000000,4,16,42,0,12407.91829
hashtables.lockbased.IntegerQueueHashMap,1000000,4,16,42,0,12364.03466
hashtables.lockbased.IntegerNonCollaborativeQueueHashMap,1000000,4,16,42,0,11799.17972
hashtables.lockbased.IntegerCollaborativeQueueHashMap,1000000,4,16,84,0,5925.96028
hashtables.lockbased.IntegerQueueHashMap,1000000,4,16,84,0,6686.07323
hashtables.lockbased.IntegerNonCollaborativeQueueHashMap,1000000,4,16,84,0,6949.11590
hashtables.lockbased.IntegerCollaborativeQueueHashMap,1000000,8,16,0,0,140870.39846
hashtables.lockbased.IntegerQueueHashMap,1000000,8,16,0,0,133238.23382
hashtables.lockbased.IntegerNonCollaborativeQueueHashMap,1000000,8,16,0,0,121515.49988
hashtables.lockbased.IntegerCollaborativeQueueHashMap,1000000,8,16,16,0,31851.12747
hashtables.lockbased.IntegerQueueHashMap,1000000,8,16,16,0,32725.61086
hashtables.lockbased.IntegerNonCollaborativeQueueHashMap,1000000,8,16,16,0,37248.61423
hashtables.lockbased.IntegerCollaborativeQueueHashMap,1000000,8,16,42,0,14965.79279
hashtables.lockbased.IntegerQueueHashMap,1000000,8,16,42,0,14310.37870
hashtables.lockbased.IntegerNonCollaborativeQueueHashMap,1000000,8,16,42,0,13989.43456
hashtables.lockbased.IntegerCollaborativeQueueHashMap,1000000,8,16,84,0,6735.04296
hashtables.lockbased.IntegerQueueHashMap,1000000,8,16,84,0,7068.77199
hashtables.lockbased.IntegerNonCollaborativeQueueHashMap,1000000,8,16,84,0,6371.92023
hashtables.lockbased.IntegerCollaborativeQueueHashMap,1000000,15,16,0,0,242673.40921
hashtables.lockbased.IntegerQueueHashMap,1000000,15,16,0,0,228131.74603
hashtables.lockbased.IntegerNonCollaborativeQueueHashMap,1000000,15,16,0,0,261758.44766
hashtables.lockbased.IntegerCollaborativeQueueHashMap,1000000,15,16,16,0,39852.58681
hashtables.lockbased.IntegerQueueHashMap,1000000,15,16,16,0,42514.07110
hashtables.lockbased.IntegerNonCollaborativeQueueHashMap,1000000,15,16,16,0,38484.28490
hashtables.lockbased.IntegerCollaborativeQueueHashMap,1000000,15,16,42,0,17038.77604
hashtables.lockbased.IntegerQueueHashMap,1000000,15,16,42,0,17363.97091
hashtables.lockbased.IntegerNonCollaborativeQueueHashMap,1000000,15,16,42,0,16359.20700
hashtables.lockbased.IntegerCollaborativeQueueHashMap,1000000,15,16,84,0,8696.63308
hashtables.lockbased.IntegerQueueHashMap,1000000,15,16,84,0,6390.30579
hashtables.lockbased.IntegerNonCollaborativeQueueHashMap,1000000,15,16,84,0,7904.25247
hashtables.lockbased.IntegerCollaborativeQueueHashMap,1000000,31,16,0,0,505871.32054
hashtables.lockbased.IntegerQueueHashMap,1000000,31,16,0,0,517663.62853
hashtables.lockbased.IntegerNonCollaborativeQueueHashMap,1000000,31,16,0,0,515600.99603
hashtables.lockbased.IntegerCollaborativeQueueHashMap,1000000,31,16,16,0,47725.54007
hashtables.lockbased.IntegerQueueHashMap,1000000,31,16,16,0,46173.03836
hashtables.lockbased.IntegerNonCollaborativeQueueHashMap,1000000,31,16,16,0,45947.45638
hashtables.lockbased.IntegerCollaborativeQueueHashMap,1000000,31,16,42,0,18989.83253
hashtables.lockbased.IntegerQueueHashMap,1000000,31,16,42,0,17510.45185
hashtables.lockbased.IntegerNonCollaborativeQueueHashMap,1000000,31,16,42,0,15516.44892
hashtables.lockbased.IntegerCollaborativeQueueHashMap,1000000,31,16,84,0,8890.06565
hashtables.lockbased.IntegerQueueHashMap,1000000,31,16,84,0,12665.33973
hashtables.lockbased.IntegerNonCollaborativeQueueHashMap,1000000,31,16,84,0,9232.22931
hashtables.lockbased.IntegerCollaborativeQueueHashMap,1000000,47,16,0,0,739587.17441
hashtables.lockbased.IntegerQueueHashMap,1000000,47,16,0,0,747471.91640
hashtables.lockbased.IntegerNonCollaborativeQueueHashMap,1000000,47,16,0,0,740972.96521
hashtables.lockbased.IntegerCollaborativeQueueHashMap,1000000,47,16,16,0,49033.05494
hashtables.lockbased.IntegerQueueHashMap,1000000,47,16,16,0,52315.36027
hashtables.lockbased.IntegerNonCollaborativeQueueHashMap,1000000,47,16,16,0,43682.18852
hashtables.lockbased.IntegerCollaborativeQueueHashMap,1000000,47,16,42,0,16414.43269
hashtables.lockbased.IntegerQueueHashMap,1000000,47,16,42,0,14869.25370
hashtables.lockbased.IntegerNonCollaborativeQueueHashMap,1000000,47,16,42,0,19522.53138
hashtables.lockbased.IntegerCollaborativeQueueHashMap,1000000,47,16,84,0,8125.67329
hashtables.lockbased.IntegerQueueHashMap,1000000,47,16,84,0,7616.90477
hashtables.lockbased.IntegerNonCollaborativeQueueHashMap,1000000,47,16,84,0,10627.34946
hashtables.lockbased.IntegerCollaborativeQueueHashMap,1000000,63,16,0,0,954587.07347
hashtables.lockbased.IntegerQueueHashMap,1000000,63,16,0,0,950915.73280
hashtables.lockbased.IntegerNonCollaborativeQueueHashMap,1000000,63,16,0,0,966154.05533
hashtables.lockbased.IntegerCollaborativeQueueHashMap,1000000,63,16,16,0,43240.07763
hashtables.lockbased.IntegerQueueHashMap,1000000,63,16,16,0,45243.85281
hashtables.lockbased.IntegerNonCollaborativeQueueHashMap,1000000,63,16,16,0,44239.34094
hashtables.lockbased.IntegerCollaborativeQueueHashMap,1000000,63,16,42,0,15715.95982
hashtables.lockbased.IntegerQueueHashMap,1000000,63,16,42,0,15681.30097
hashtables.lockbased.IntegerNonCollaborativeQueueHashMap,1000000,63,16,42,0,17297.58656
hashtables.lockbased.IntegerCollaborativeQueueHashMap,1000000,63,16,84,0,8615.25101
hashtables.lockbased.IntegerQueueHashMap,1000000,63,16,84,0,13191.61524
hashtables.lockbased.IntegerNonCollaborativeQueueHashMap,1000000,63,16,84,0,10868.36233
hashtables.lockbased.IntegerCollaborativeQueueHashMap,1000000,1,32,0,0,18747.43044
hashtables.lockbased.IntegerQueueHashMap,1000000,1,32,0,0,18637.90915
hashtables.lockbased.IntegerNonCollaborativeQueueHashMap,1000000,1,32,0,0,18328.37298
hashtables.lockbased.IntegerCollaborativeQueueHashMap,1000000,1,32,13,0,13584.52057
hashtables.lockbased.IntegerQueueHashMap,1000000,1,32,13,0,13036.15764
hashtables.lockbased.IntegerNonCollaborativeQueueHashMap,1000000,1,32,13,0,13686.43268
hashtables.lockbased.IntegerCollaborativeQueueHashMap,1000000,1,32,34,0,11236.01313
hashtables.lockbased.IntegerQueueHashMap,1000000,1,32,34,0,11247.91866
hashtables.lockbased.IntegerNonCollaborativeQueueHashMap,1000000,1,32,34,0,11209.48609
hashtables.lockbased.IntegerCollaborativeQueueHashMap,1000000,1,32,68,0,9801.77743
hashtables.lockbased.IntegerQueueHashMap,1000000,1,32,68,0,10335.24467
hashtables.lockbased.IntegerNonCollaborativeQueueHashMap,1000000,1,32,68,0,9584.45767
hashtables.lockbased.IntegerCollaborativeQueueHashMap,1000000,2,32,0,0,36465.63545
hashtables.lockbased.IntegerQueueHashMap,1000000,2,32,0,0,37354.24224
hashtables.lockbased.IntegerNonCollaborativeQueueHashMap,1000000,2,32,0,0,38166.70206
hashtables.lockbased.IntegerCollaborativeQueueHashMap,1000000,2,32,13,0,24953.55655
hashtables.lockbased.IntegerQueueHashMap,1000000,2,32,13,0,23009.37547
hashtables.lockbased.IntegerNonCollaborativeQueueHashMap,1000000,2,32,13,0,24903.59535
hashtables.lockbased.IntegerCollaborativeQueueHashMap,1000000,2,32,34,0,17688.28168
hashtables.lockbased.IntegerQueueHashMap,1000000,2,32,34,0,18541.51982
hashtables.lockbased.IntegerNonCollaborativeQueueHashMap,1000000,2,32,34,0,18655.82964
hashtables.lockbased.IntegerCollaborativeQueueHashMap,1000000,2,32,68,0,13508.05014
hashtables.lockbased.IntegerQueueHashMap,1000000,2,32,68,0,12769.67087
hashtables.lockbased.IntegerNonCollaborativeQueueHashMap,1000000,2,32,68,0,12058.39406
hashtables.lockbased.IntegerCollaborativeQueueHashMap,1000000,4,32,0,0,77873.34866
hashtables.lockbased.IntegerQueueHashMap,1000000,4,32,0,0,71044.89505
hashtables.lockbased.IntegerNonCollaborativeQueueHashMap,1000000,4,32,0,0,65746.89226
hashtables.lockbased.IntegerCollaborativeQueueHashMap,1000000,4,32,13,0,32225.17648
hashtables.lockbased.IntegerQueueHashMap,1000000,4,32,13,0,33529.15221
hashtables.lockbased.IntegerNonCollaborativeQueueHashMap,1000000,4,32,13,0,31462.88418
hashtables.lockbased.IntegerCollaborativeQueueHashMap,1000000,4,32,34,0,16170.40662
hashtables.lockbased.IntegerQueueHashMap,1000000,4,32,34,0,14200.64629
hashtables.lockbased.IntegerNonCollaborativeQueueHashMap,1000000,4,32,34,0,16538.67094
hashtables.lockbased.IntegerCollaborativeQueueHashMap,1000000,4,32,68,0,7663.38376
hashtables.lockbased.IntegerQueueHashMap,1000000,4,32,68,0,7207.51104
hashtables.lockbased.IntegerNonCollaborativeQueueHashMap,1000000,4,32,68,0,8014.93446
hashtables.lockbased.IntegerCollaborativeQueueHashMap,1000000,8,32,0,0,169107.66286
hashtables.lockbased.IntegerQueueHashMap,1000000,8,32,0,0,157866.77116
hashtables.lockbased.IntegerNonCollaborativeQueueHashMap,1000000,8,32,0,0,168729.65791
hashtables.lockbased.IntegerCollaborativeQueueHashMap,1000000,8,32,13,0,39532.29117
hashtables.lockbased.IntegerQueueHashMap,1000000,8,32,13,0,40030.00559
hashtables.lockbased.IntegerNonCollaborativeQueueHashMap,1000000,8,32,13,0,41632.03225
hashtables.lockbased.IntegerCollaborativeQueueHashMap,1000000,8,32,34,0,16029.54453
hashtables.lockbased.IntegerQueueHashMap,1000000,8,32,34,0,14678.44259
hashtables.lockbased.IntegerNonCollaborativeQueueHashMap,1000000,8,32,34,0,16504.31249
hashtables.lockbased.IntegerCollaborativeQueueHashMap,1000000,8,32,68,0,8389.32748
hashtables.lockbased.IntegerQueueHashMap,1000000,8,32,68,0,8906.39688
hashtables.lockbased.IntegerNonCollaborativeQueueHashMap,1000000,8,32,68,0,8123.90573
hashtables.lockbased.IntegerCollaborativeQueueHashMap,1000000,15,32,0,0,317705.34513
hashtables.lockbased.IntegerQueueHashMap,1000000,15,32,0,0,309776.36052
hashtables.lockbased.IntegerNonCollaborativeQueueHashMap,1000000,15,32,0,0,314084.73499
hashtables.lockbased.IntegerCollaborativeQueueHashMap,1000000,15,32,13,0,53040.90041
hashtables.lockbased.IntegerQueueHashMap,1000000,15,32,13,0,51015.13606
hashtables.lockbased.IntegerNonCollaborativeQueueHashMap,1000000,15,32,13,0,50368.25023
hashtables.lockbased.IntegerCollaborativeQueueHashMap,1000000,15,32,34,0,18577.06712
hashtables.lockbased.IntegerQueueHashMap,1000000,15,32,34,0,18805.06471
hashtables.lockbased.IntegerNonCollaborativeQueueHashMap,1000000,15,32,34,0,18683.34411
hashtables.lockbased.IntegerCollaborativeQueueHashMap,1000000,15,32,68,0,8494.84237
hashtables.lockbased.IntegerQueueHashMap,1000000,15,32,68,0,9464.10015
hashtables.lockbased.IntegerNonCollaborativeQueueHashMap,1000000,15,32,68,0,8196.01010
hashtables.lockbased.IntegerCollaborativeQueueHashMap,1000000,31,32,0,0,617367.70096
hashtables.lockbased.IntegerQueueHashMap,1000000,31,32,0,0,615505.87501
hashtables.lockbased.IntegerNonCollaborativeQueueHashMap,1000000,31,32,0,0,605312.85959
hashtables.lockbased.IntegerCollaborativeQueueHashMap,1000000,31,32,13,0,47763.09863
hashtables.lockbased.IntegerQueueHashMap,1000000,31,32,13,0,60287.54574
hashtables.lockbased.IntegerNonCollaborativeQueueHashMap,1000000,31,32,13,0,57392.98580
hashtables.lockbased.IntegerCollaborativeQueueHashMap,1000000,31,32,34,0,25176.61027
hashtables.lockbased.IntegerQueueHashMap,1000000,31,32,34,0,24870.18283
hashtables.lockbased.IntegerNonCollaborativeQueueHashMap,1000000,31,32,34,0,22136.16747
hashtables.lockbased.IntegerCollaborativeQueueHashMap,1000000,31,32,68,0,15243.83234
hashtables.lockbased.IntegerQueueHashMap,1000000,31,32,68,0,15155.13125
hashtables.lockbased.IntegerNonCollaborativeQueueHashMap,1000000,31,32,68,0,11544.23994
hashtables.lockbased.IntegerCollaborativeQueueHashMap,1000000,47,32,0,0,887049.04811
hashtables.lockbased.IntegerQueueHashMap,1000000,47,32,0,0,877257.16114
hashtables.lockbased.IntegerNonCollaborativeQueueHashMap,1000000,47,32,0,0,856470.54649
hashtables.lockbased.IntegerCollaborativeQueueHashMap,1000000,47,32,13,0,76726.24659
hashtables.lockbased.IntegerQueueHashMap,1000000,47,32,13,0,70591.17157
hashtables.lockbased.IntegerNonCollaborativeQueueHashMap,1000000,47,32,13,0,75676.88737
hashtables.lockbased.IntegerCollaborativeQueueHashMap,1000000,47,32,34,0,22196.18903
hashtables.lockbased.IntegerQueueHashMap,1000000,47,32,34,0,21160.71880
hashtables.lockbased.IntegerNonCollaborativeQueueHashMap,1000000,47,32,34,0,19609.22732
hashtables.lockbased.IntegerCollaborativeQueueHashMap,1000000,47,32,68,0,10629.76054
hashtables.lockbased.IntegerQueueHashMap,1000000,47,32,68,0,10668.75410
hashtables.lockbased.IntegerNonCollaborativeQueueHashMap,1000000,47,32,68,0,13383.22763
hashtables.lockbased.IntegerCollaborativeQueueHashMap,1000000,63,32,0,0,1091180.31745
hashtables.lockbased.IntegerQueueHashMap,1000000,63,32,0,0,1121992.72909
hashtables.lockbased.IntegerNonCollaborativeQueueHashMap,1000000,63,32,0,0,1122198.61439
hashtables.lockbased.IntegerCollaborativeQueueHashMap,1000000,63,32,13,0,49296.11577
hashtables.lockbased.IntegerQueueHashMap,1000000,63,32,13,0,76142.24284
hashtables.lockbased.IntegerNonCollaborativeQueueHashMap,1000000,63,32,13,0,59246.08439
hashtables.lockbased.IntegerCollaborativeQueueHashMap,1000000,63,32,34,0,20456.36705
hashtables.lockbased.IntegerQueueHashMap,1000000,63,32,34,0,21463.90454
hashtables.lockbased.IntegerNonCollaborativeQueueHashMap,1000000,63,32,34,0,29905.50368
hashtables.lockbased.IntegerCollaborativeQueueHashMap,1000000,63,32,68,0,10676.11187
hashtables.lockbased.IntegerQueueHashMap,1000000,63,32,68,0,10503.53529
hashtables.lockbased.IntegerNonCollaborativeQueueHashMap,1000000,63,32,68,0,16007.38897
hashtables.lockbased.IntegerCollaborativeQueueHashMap,1000000,1,64,0,0,30577.38179
hashtables.lockbased.IntegerQueueHashMap,1000000,1,64,0,0,29405.21003
hashtables.lockbased.IntegerNonCollaborativeQueueHashMap,1000000,1,64,0,0,29342.49532
hashtables.lockbased.IntegerCollaborativeQueueHashMap,1000000,1,64,7,0,24113.92587
hashtables.lockbased.IntegerQueueHashMap,1000000,1,64,7,0,24476.88568
hashtables.lockbased.IntegerNonCollaborativeQueueHashMap,1000000,1,64,7,0,23801.87404
hashtables.lockbased.IntegerCollaborativeQueueHashMap,1000000,1,64,18,0,19260.18839
hashtables.lockbased.IntegerQueueHashMap,1000000,1,64,18,0,19648.65992
hashtables.lockbased.IntegerNonCollaborativeQueueHashMap,1000000,1,64,18,0,20178.45103
hashtables.lockbased.IntegerCollaborativeQueueHashMap,1000000,1,64,36,0,18169.52562
hashtables.lockbased.IntegerQueueHashMap,1000000,1,64,36,0,17889.38331
hashtables.lockbased.IntegerNonCollaborativeQueueHashMap,1000000,1,64,36,0,18065.56265
hashtables.lockbased.IntegerCollaborativeQueueHashMap,1000000,2,64,0,0,56573.29081
hashtables.lockbased.IntegerQueueHashMap,1000000,2,64,0,0,60353.53515
hashtables.lockbased.IntegerNonCollaborativeQueueHashMap,1000000,2,64,0,0,59749.23179
hashtables.lockbased.IntegerCollaborativeQueueHashMap,1000000,2,64,7,0,41785.84237
hashtables.lockbased.IntegerQueueHashMap,1000000,2,64,7,0,42645.02970
hashtables.lockbased.IntegerNonCollaborativeQueueHashMap,1000000,2,64,7,0,41704.64449
hashtables.lockbased.IntegerCollaborativeQueueHashMap,1000000,2,64,18,0,32061.29282
hashtables.lockbased.IntegerQueueHashMap,1000000,2,64,18,0,32835.89630
hashtables.lockbased.IntegerNonCollaborativeQueueHashMap,1000000,2,64,18,0,32636.06706
hashtables.lockbased.IntegerCollaborativeQueueHashMap,1000000,2,64,36,0,24206.91863
hashtables.lockbased.IntegerQueueHashMap,1000000,2,64,36,0,23809.31060
hashtables.lockbased.IntegerNonCollaborativeQueueHashMap,1000000,2,64,36,0,20914.86756
hashtables.lockbased.IntegerCollaborativeQueueHashMap,1000000,4,64,0,0,111218.18432
hashtables.lockbased.IntegerQueueHashMap,1000000,4,64,0,0,137744.69294
hashtables.lockbased.IntegerNonCollaborativeQueueHashMap,1000000,4,64,0,0,109426.55108
hashtables.lockbased.IntegerCollaborativeQueueHashMap,1000000,4,64,7,0,51048.95663
hashtables.lockbased.IntegerQueueHashMap,1000000,4,64,7,0,54108.52827
hashtables.lockbased.IntegerNonCollaborativeQueueHashMap,1000000,4,64,7,0,56241.58988
hashtables.lockbased.IntegerCollaborativeQueueHashMap,1000000,4,64,18,0,27348.74292
hashtables.lockbased.IntegerQueueHashMap,1000000,4,64,18,0,23639.67026
hashtables.lockbased.IntegerNonCollaborativeQueueHashMap,1000000,4,64,18,0,28136.41614
hashtables.lockbased.IntegerCollaborativeQueueHashMap,1000000,4,64,36,0,14297.66328
hashtables.lockbased.IntegerQueueHashMap,1000000,4,64,36,0,15687.94939
hashtables.lockbased.IntegerNonCollaborativeQueueHashMap,1000000,4,64,36,0,14809.51643
hashtables.lockbased.IntegerCollaborativeQueueHashMap,1000000,8,64,0,0,274283.26027
hashtables.lockbased.IntegerQueueHashMap,1000000,8,64,0,0,278962.57544
hashtables.lockbased.IntegerNonCollaborativeQueueHashMap,1000000,8,64,0,0,278876.54124
hashtables.lockbased.IntegerCollaborativeQueueHashMap,1000000,8,64,7,0,77614.51417
hashtables.lockbased.IntegerQueueHashMap,1000000,8,64,7,0,76236.74226
hashtables.lockbased.IntegerNonCollaborativeQueueHashMap,1000000,8,64,7,0,77526.13861
hashtables.lockbased.IntegerCollaborativeQueueHashMap,1000000,8,64,18,0,26721.35068
hashtables.lockbased.IntegerQueueHashMap,1000000,8,64,18,0,37030.87444
hashtables.lockbased.IntegerNonCollaborativeQueueHashMap,1000000,8,64,18,0,31966.61353
hashtables.lockbased.IntegerCollaborativeQueueHashMap,1000000,8,64,36,0,15184.17493
hashtables.lockbased.IntegerQueueHashMap,1000000,8,64,36,0,17553.72762
hashtables.lockbased.IntegerNonCollaborativeQueueHashMap,1000000,8,64,36,0,15837.82930
hashtables.lockbased.IntegerCollaborativeQueueHashMap,1000000,15,64,0,0,515167.73519
hashtables.lockbased.IntegerQueueHashMap,1000000,15,64,0,0,438871.44914
hashtables.lockbased.IntegerNonCollaborativeQueueHashMap,1000000,15,64,0,0,506263.93216
hashtables.lockbased.IntegerCollaborativeQueueHashMap,1000000,15,64,7,0,92382.48334
hashtables.lockbased.IntegerQueueHashMap,1000000,15,64,7,0,91851.23052
hashtables.lockbased.IntegerNonCollaborativeQueueHashMap,1000000,15,64,7,0,94553.86829
hashtables.lockbased.IntegerCollaborativeQueueHashMap,1000000,15,64,18,0,36827.78384
hashtables.lockbased.IntegerQueueHashMap,1000000,15,64,18,0,37930.79734
hashtables.lockbased.IntegerNonCollaborativeQueueHashMap,1000000,15,64,18,0,41639.95304
hashtables.lockbased.IntegerCollaborativeQueueHashMap,1000000,15,64,36,0,21436.59622
hashtables.lockbased.IntegerQueueHashMap,1000000,15,64,36,0,20341.10807
hashtables.lockbased.IntegerNonCollaborativeQueueHashMap,1000000,15,64,36,0,21925.65527
hashtables.lockbased.IntegerCollaborativeQueueHashMap,1000000,31,64,0,0,987484.73462
hashtables.lockbased.IntegerQueueHashMap,1000000,31,64,0,0,994920.40257
hashtables.lockbased.IntegerNonCollaborativeQueueHashMap,1000000,31,64,0,0,888469.14462
hashtables.lockbased.IntegerCollaborativeQueueHashMap,1000000,31,64,7,0,136349.89501
hashtables.lockbased.IntegerQueueHashMap,1000000,31,64,7,0,106742.36678
hashtables.lockbased.IntegerNonCollaborativeQueueHashMap,1000000,31,64,7,0,102960.73124
hashtables.lockbased.IntegerCollaborativeQueueHashMap,1000000,31,64,18,0,56371.08913
hashtables.lockbased.IntegerQueueHashMap,1000000,31,64,18,0,39524.03671
hashtables.lockbased.IntegerNonCollaborativeQueueHashMap,1000000,31,64,18,0,41248.68637
hashtables.lockbased.IntegerCollaborativeQueueHashMap,1000000,31,64,36,0,21911.44227
hashtables.lockbased.IntegerQueueHashMap,1000000,31,64,36,0,28997.71801
hashtables.lockbased.IntegerNonCollaborativeQueueHashMap,1000000,31,64,36,0,29644.51395
hashtables.lockbased.IntegerCollaborativeQueueHashMap,1000000,47,64,0,0,1354622.54413
hashtables.lockbased.IntegerQueueHashMap,1000000,47,64,0,0,1243213.14276
hashtables.lockbased.IntegerNonCollaborativeQueueHashMap,1000000,47,64,0,0,1406323.46583
hashtables.lockbased.IntegerCollaborativeQueueHashMap,1000000,47,64,7,0,107469.04145
hashtables.lockbased.IntegerQueueHashMap,1000000,47,64,7,0,132883.93294
hashtables.lockbased.IntegerNonCollaborativeQueueHashMap,1000000,47,64,7,0,140947.02212
hashtables.lockbased.IntegerCollaborativeQueueHashMap,1000000,47,64,18,0,58186.78785
hashtables.lockbased.IntegerQueueHashMap,1000000,47,64,18,0,42070.80853
hashtables.lockbased.IntegerNonCollaborativeQueueHashMap,1000000,47,64,18,0,50974.35934
hashtables.lockbased.IntegerCollaborativeQueueHashMap,1000000,47,64,36,0,20022.83911
hashtables.lockbased.IntegerQueueHashMap,1000000,47,64,36,0,19365.66584
hashtables.lockbased.IntegerNonCollaborativeQueueHashMap,1000000,47,64,36,0,29722.60117
hashtables.lockbased.IntegerCollaborativeQueueHashMap,1000000,63,64,0,0,1809914.84519
hashtables.lockbased.IntegerQueueHashMap,1000000,63,64,0,0,1787806.56401
hashtables.lockbased.IntegerNonCollaborativeQueueHashMap,1000000,63,64,0,0,1624178.57208
hashtables.lockbased.IntegerCollaborativeQueueHashMap,1000000,63,64,7,0,152661.47808
hashtables.lockbased.IntegerQueueHashMap,1000000,63,64,7,0,99991.88383
hashtables.lockbased.IntegerNonCollaborativeQueueHashMap,1000000,63,64,7,0,158876.39206
hashtables.lockbased.IntegerCollaborativeQueueHashMap,1000000,63,64,18,0,46759.91859
hashtables.lockbased.IntegerQueueHashMap,1000000,63,64,18,0,38820.26331
hashtables.lockbased.IntegerNonCollaborativeQueueHashMap,1000000,63,64,18,0,60394.41195
hashtables.lockbased.IntegerCollaborativeQueueHashMap,1000000,63,64,36,0,18819.22685
hashtables.lockbased.IntegerQueueHashMap,1000000,63,64,36,0,18660.71224
hashtables.lockbased.IntegerNonCollaborativeQueueHashMap,1000000,63,64,36,0,19391.14727
hashtables.lockbased.IntegerCollaborativeQueueHashMap,1000000,1,100,0,0,158881.91741
hashtables.lockbased.IntegerQueueHashMap,1000000,1,100,0,0,145310.49601
hashtables.lockbased.IntegerNonCollaborativeQueueHashMap,1000000,1,100,0,0,157309.68623
hashtables.lockbased.IntegerCollaborativeQueueHashMap,1000000,1,100,0,0,159883.57791
hashtables.lockbased.IntegerQueueHashMap,1000000,1,100,0,0,145006.55764
hashtables.lockbased.IntegerNonCollaborativeQueueHashMap,1000000,1,100,0,0,159137.43411
hashtables.lockbased.IntegerCollaborativeQueueHashMap,1000000,1,100,0,0,159325.96513
hashtables.lockbased.IntegerQueueHashMap,1000000,1,100,0,0,158344.43349
hashtables.lockbased.IntegerNonCollaborativeQueueHashMap,1000000,1,100,0,0,156626.91109
hashtables.lockbased.IntegerCollaborativeQueueHashMap,1000000,1,100,0,0,151257.06695
hashtables.lockbased.IntegerQueueHashMap,1000000,1,100,0,0,157333.38247
hashtables.lockbased.IntegerNonCollaborativeQueueHashMap,1000000,1,100,0,0,151598.80588
hashtables.lockbased.IntegerCollaborativeQueueHashMap,1000000,2,100,0,0,298272.66773
hashtables.lockbased.IntegerQueueHashMap,1000000,2,100,0,0,270996.56107
hashtables.lockbased.IntegerNonCollaborativeQueueHashMap,1000000,2,100,0,0,307633.16348
hashtables.lockbased.IntegerCollaborativeQueueHashMap,1000000,2,100,0,0,262518.05788
hashtables.lockbased.IntegerQueueHashMap,1000000,2,100,0,0,268156.48513
hashtables.lockbased.IntegerNonCollaborativeQueueHashMap,1000000,2,100,0,0,312536.38979
hashtables.lockbased.IntegerCollaborativeQueueHashMap,1000000,2,100,0,0,313542.34371
hashtables.lockbased.IntegerQueueHashMap,1000000,2,100,0,0,313442.45174
hashtables.lockbased.IntegerNonCollaborativeQueueHashMap,1000000,2,100,0,0,254407.30018
hashtables.lockbased.IntegerCollaborativeQueueHashMap,1000000,2,100,0,0,312076.77722
hashtables.lockbased.IntegerQueueHashMap,1000000,2,100,0,0,313157.43453
hashtables.lockbased.IntegerNonCollaborativeQueueHashMap,1000000,2,100,0,0,257618.51848
hashtables.lockbased.IntegerCollaborativeQueueHashMap,1000000,4,100,0,0,612666.26701
hashtables.lockbased.IntegerQueueHashMap,1000000,4,100,0,0,615427.84429
hashtables.lockbased.IntegerNonCollaborativeQueueHashMap,1000000,4,100,0,0,619761.71109
hashtables.lockbased.IntegerCollaborativeQueueHashMap,1000000,4,100,0,0,615678.84716
hashtables.lockbased.IntegerQueueHashMap,1000000,4,100,0,0,607507.09741
hashtables.lockbased.IntegerNonCollaborativeQueueHashMap,1000000,4,100,0,0,488265.91121
hashtables.lockbased.IntegerCollaborativeQueueHashMap,1000000,4,100,0,0,611915.77815
hashtables.lockbased.IntegerQueueHashMap,1000000,4,100,0,0,622678.36883
hashtables.lockbased.IntegerNonCollaborativeQueueHashMap,1000000,4,100,0,0,619459.40452
hashtables.lockbased.IntegerCollaborativeQueueHashMap,1000000,4,100,0,0,610634.09004
hashtables.lockbased.IntegerQueueHashMap,1000000,4,100,0,0,551799.32283
hashtables.lockbased.IntegerNonCollaborativeQueueHashMap,1000000,4,100,0,0,610779.10161
hashtables.lockbased.IntegerCollaborativeQueueHashMap,1000000,8,100,0,0,1196016.78015
hashtables.lockbased.IntegerQueueHashMap,1000000,8,100,0,0,1194054.27896
hashtables.lockbased.IntegerNonCollaborativeQueueHashMap,1000000,8,100,0,0,1195723.36871
hashtables.lockbased.IntegerCollaborativeQueueHashMap,1000000,8,100,0,0,1200596.11186
hashtables.lockbased.IntegerQueueHashMap,1000000,8,100,0,0,1193592.22141
hashtables.lockbased.IntegerNonCollaborativeQueueHashMap,1000000,8,100,0,0,1223292.65995
hashtables.lockbased.IntegerCollaborativeQueueHashMap,1000000,8,100,0,0,1202159.22747
hashtables.lockbased.IntegerQueueHashMap,1000000,8,100,0,0,1201472.39823
hashtables.lockbased.IntegerNonCollaborativeQueueHashMap,1000000,8,100,0,0,1203291.86852
hashtables.lockbased.IntegerCollaborativeQueueHashMap,1000000,8,100,0,0,1215041.70247
hashtables.lockbased.IntegerQueueHashMap,1000000,8,100,0,0,1061930.59973
hashtables.lockbased.IntegerNonCollaborativeQueueHashMap,1000000,8,100,0,0,1199984.23426
hashtables.lockbased.IntegerCollaborativeQueueHashMap,1000000,15,100,0,0,2218213.07509
hashtables.lockbased.IntegerQueueHashMap,1000000,15,100,0,0,2209764.81818
hashtables.lockbased.IntegerNonCollaborativeQueueHashMap,1000000,15,100,0,0,2148442.37052
hashtables.lockbased.IntegerCollaborativeQueueHashMap,1000000,15,100,0,0,2181581.56297
hashtables.lockbased.IntegerQueueHashMap,1000000,15,100,0,0,2212416.25765
hashtables.lockbased.IntegerNonCollaborativeQueueHashMap,1000000,15,100,0,0,2167889.96974
hashtables.lockbased.IntegerCollaborativeQueueHashMap,1000000,15,100,0,0,2221032.54636
hashtables.lockbased.IntegerQueueHashMap,1000000,15,100,0,0,2175489.98420
hashtables.lockbased.IntegerNonCollaborativeQueueHashMap,1000000,15,100,0,0,2222611.06798
hashtables.lockbased.IntegerCollaborativeQueueHashMap,1000000,15,100,0,0,2172893.25510
hashtables.lockbased.IntegerQueueHashMap,1000000,15,100,0,0,2175318.56459
hashtables.lockbased.IntegerNonCollaborativeQueueHashMap,1000000,15,100,0,0,2159420.50167
hashtables.lockbased.IntegerCollaborativeQueueHashMap,1000000,31,100,0,0,3778982.83654
hashtables.lockbased.IntegerQueueHashMap,1000000,31,100,0,0,3954971.24126
hashtables.lockbased.IntegerNonCollaborativeQueueHashMap,1000000,31,100,0,0,3766776.58348
hashtables.lockbased.IntegerCollaborativeQueueHashMap,1000000,31,100,0,0,3854638.66859
hashtables.lockbased.IntegerQueueHashMap,1000000,31,100,0,0,3946175.32560
hashtables.lockbased.IntegerNonCollaborativeQueueHashMap,1000000,31,100,0,0,3795426.52398
hashtables.lockbased.IntegerCollaborativeQueueHashMap,1000000,31,100,0,0,3824492.12581
hashtables.lockbased.IntegerQueueHashMap,1000000,31,100,0,0,3848934.01922
hashtables.lockbased.IntegerNonCollaborativeQueueHashMap,1000000,31,100,0,0,3990625.99532
hashtables.lockbased.IntegerCollaborativeQueueHashMap,1000000,31,100,0,0,3913128.54121
hashtables.lockbased.IntegerQueueHashMap,1000000,31,100,0,0,3848300.61467
hashtables.lockbased.IntegerNonCollaborativeQueueHashMap,1000000,31,100,0,0,3964135.19771
hashtables.lockbased.IntegerCollaborativeQueueHashMap,1000000,47,100,0,0,5270490.22781
hashtables.lockbased.IntegerQueueHashMap,1000000,47,100,0,0,5259669.63294
hashtables.lockbased.IntegerNonCollaborativeQueueHashMap,1000000,47,100,0,0,5199323.64035
hashtables.lockbased.IntegerCollaborativeQueueHashMap,1000000,47,100,0,0,5219017.75906
hashtables.lockbased.IntegerQueueHashMap,1000000,47,100,0,0,5222110.15378
hashtables.lockbased.IntegerNonCollaborativeQueueHashMap,1000000,47,100,0,0,5169164.05186
hashtables.lockbased.IntegerCollaborativeQueueHashMap,1000000,47,100,0,0,5128579.10151
hashtables.lockbased.IntegerQueueHashMap,1000000,47,100,0,0,5293044.60442
hashtables.lockbased.IntegerNonCollaborativeQueueHashMap,1000000,47,100,0,0,5214295.19101
hashtables.lockbased.IntegerCollaborativeQueueHashMap,1000000,47,100,0,0,5179427.79435
hashtables.lockbased.IntegerQueueHashMap,1000000,47,100,0,0,5310898.77580
hashtables.lockbased.IntegerNonCollaborativeQueueHashMap,1000000,47,100,0,0,5204604.51596
hashtables.lockbased.IntegerCollaborativeQueueHashMap,1000000,63,100,0,0,6160109.23248
hashtables.lockbased.IntegerQueueHashMap,1000000,63,100,0,0,6160372.45879
hashtables.lockbased.IntegerNonCollaborativeQueueHashMap,1000000,63,100,0,0,6177014.42693
hashtables.lockbased.IntegerCollaborativeQueueHashMap,1000000,63,100,0,0,6369907.65660
hashtables.lockbased.IntegerQueueHashMap,1000000,63,100,0,0,6242247.41200
hashtables.lockbased.IntegerNonCollaborativeQueueHashMap,1000000,63,100,0,0,6358137.68199
hashtables.lockbased.IntegerCollaborativeQueueHashMap,1000000,63,100,0,0,6339309.02396
hashtables.lockbased.IntegerQueueHashMap,1000000,63,100,0,0,6279820.43181
hashtables.lockbased.IntegerNonCollaborativeQueueHashMap,1000000,63,100,0,0,6340372.20421
hashtables.lockbased.IntegerCollaborativeQueueHashMap,1000000,63,100,0,0,6344403.05039
hashtables.lockbased.IntegerQueueHashMap,1000000,63,100,0,0,6363027.57216
hashtables.lockbased.IntegerNonCollaborativeQueueHashMap,1000000,63,100,0,0,6226968.13371
hashtables.lockbased.IntegerCollaborativeQueueHashMap,1000000,1,8,18,0,16666.10586
hashtables.lockbased.IntegerQueueHashMap,1000000,1,8,18,0,16095.93249
hashtables.lockbased.IntegerNonCollaborativeQueueHashMap,1000000,1,8,18,0,16802.27411
hashtables.lockbased.IntegerCollaborativeQueueHashMap,1000000,4,8,18,0,45274.60718
hashtables.lockbased.IntegerQueueHashMap,1000000,4,8,18,0,45546.48886
hashtables.lockbased.IntegerNonCollaborativeQueueHashMap,1000000,4,8,18,0,45433.39778
hashtables.lockbased.IntegerCollaborativeQueueHashMap,1000000,8,8,18,0,67052.74461
hashtables.lockbased.IntegerQueueHashMap,1000000,8,8,18,0,68342.17901
hashtables.lockbased.IntegerNonCollaborativeQueueHashMap,1000000,8,8,18,0,68711.95697
hashtables.lockbased.IntegerCollaborativeQueueHashMap,1000000,1,8,18,0,16763.49510
hashtables.lockbased.IntegerCollaborativeQueueHashMap,1000000,1,8,18,0,1.37797
hashtables.lockbased.IntegerQueueHashMap,1000000,1,8,18,0,1.01841
hashtables.lockbased.IntegerNonCollaborativeQueueHashMap,1000000,1,8,18,0,1.60860
hashtables.lockbased.IntegerCollaborativeQueueHashMap,1000000,4,8,18,0,3.79156
hashtables.lockbased.IntegerQueueHashMap,1000000,4,8,18,0,6.09587
hashtables.lockbased.IntegerNonCollaborativeQueueHashMap,1000000,4,8,18,0,1.43247
hashtables.lockbased.ReduceCollaborative,1000000,1,8,18,0,1.69506
hashtables.lockbased.ReduceSimple,1000000,1,8,18,0,1.56229
hashtables.lockbased.ReduceUnlinearizable,1000000,1,8,18,0,1.40767
hashtables.lockbased.ReduceCollaborative,1000000,4,8,18,0,4.11331
hashtables.lockbased.ReduceSimple,1000000,4,8,18,0,1.53395
hashtables.lockbased.ReduceUnlinearizable,1000000,4,8,18,0,7.30687
hashtables.lockbased.ReduceCollaborative,1000000,8,8,18,0,5.53419
hashtables.lockbased.ReduceSimple,1000000,8,8,18,0,1.07223
hashtables.lockbased.ReduceUnlinearizable,1000000,8,8,18,0,11.40075
